annotator_id,media,file,batch,qs_id,n_questions,pre_answers,post_answers,source_file,post_correct,pre_correct,knowledge_gain
3,news,a1,1,2,6,"[3, 3, 5, 5, 6, 6]","[2, 1, 4, 1, 3, 2]",a1.csv,3,0,3
3,news,a1,1,3,6,"[4, 4, 6, 5, 6, 6]","[2, 1, 2, 5, 6, 1]",a1.csv,2,0,2
3,news,a1,1,4,6,"[1, 3, 2, 2, 5, 5]","[1, 1, 2, 2, 1, 2]",a1.csv,4,2,2
3,news,a1,1,5,6,"[3, 3, 5, 5, 5, 5]","[1, 1, 2, 3, 4, 2]",a1.csv,4,0,4
3,news,a1,1,6,6,"[1, 3, 5, 7, 5, 5]","[1, 2, 2, 4, 5, 5]",a1.csv,1,0,1
3,news,a1,1,7,6,"[3, 3, 5, 5, 5, 5]","[1, 1, 2, 2, 1, 1]",a1.csv,1,0,1
3,news,a1,1,8,6,"[1, 2, 5, 3, 5, 4]","[1, 1, 1, 3, 2, 2]",a1.csv,3,1,2
3,news,a1,1,9,6,"[1, 1, 5, 5, 2, 1]","[1, 1, 5, 2, 2, 1]",a1.csv,4,3,1
3,news,a1,1,10,6,"[3, 3, 2, 5, 5, 5]","[1, 3, 2, 2, 2, 4]",a1.csv,4,1,3
3,news,a1,1,11,6,"[3, 3, 5, 1, 5, 6]","[1, 1, 2, 2, 2, 1]",a1.csv,2,0,2
1,news,a1,1,2,6,"[2, 2, 2, 1, 2, 2]","[2, 1, 2, 1, 2, 2]",a1.csv,5,4,1
1,news,a1,1,3,6,"[4, 4, 6, 5, 6, 6]","[2, 1, 2, 5, 2, 1]",a1.csv,2,0,2
1,news,a1,1,4,6,"[1, 1, 1, 4, 3, 3]","[1, 1, 2, 2, 3, 2]",a1.csv,4,2,2
1,news,a1,1,5,6,"[2, 1, 1, 1, 2, 2]","[1, 2, 2, 1, 2, 2]",a1.csv,4,3,1
1,news,a1,1,6,6,"[2, 1, 5, 1, 5, 5]","[1, 2, 2, 1, 4, 3]",a1.csv,1,2,-1
1,news,a1,1,7,6,"[3, 3, 5, 5, 5, 5]","[1, 2, 2, 1, 3, 4]",a1.csv,2,0,2
1,news,a1,1,8,6,"[3, 2, 4, 1, 3, 4]","[1, 1, 2, 3, 3, 2]",a1.csv,3,0,3
1,news,a1,1,9,6,"[1, 2, 3, 4, 5, 5]","[1, 1, 3, 1, 2, 3]",a1.csv,2,2,0
1,news,a1,1,10,6,"[2, 1, 5, 2, 5, 5]","[1, 1, 1, 1, 2, 4]",a1.csv,3,2,1
1,news,a1,1,11,6,"[3, 3, 5, 5, 5, 6]","[1, 1, 4, 2, 2, 2]",a1.csv,2,0,2
2,news,a1,1,2,6,"[1, 1, 1, 2, 2, 2]","[1, 1, 4, 3, 6, 2]",a1.csv,1,2,-1
2,news,a1,1,3,6,"[2, 1, 2, 1, 2, 1]","[2, 1, 2, 1, 2, 1]",a1.csv,2,2,0
2,news,a1,1,4,6,"[1, 3, 5, 4, 3, 2]","[1, 1, 2, 2, 1, 2]",a1.csv,4,2,2
2,news,a1,1,5,6,"[1, 1, 2, 3, 2, 2]","[1, 1, 2, 3, 2, 2]",a1.csv,5,5,0
2,news,a1,1,6,6,"[1, 3, 4, 4, 5, 2]","[1, 1, 2, 4, 2, 2]",a1.csv,2,0,2
2,news,a1,1,7,6,"[1, 1, 3, 2, 3, 3]","[2, 2, 2, 2, 1, 3]",a1.csv,1,2,-1
2,news,a1,1,8,6,"[1, 2, 4, 3, 2, 4]","[1, 1, 4, 3, 3, 4]",a1.csv,2,2,0
2,news,a1,1,9,6,"[2, 1, 2, 1, 1, 1]","[2, 2, 1, 4, 2, 4]",a1.csv,2,2,0
2,news,a1,1,10,6,"[1, 1, 2, 4, 1, 1]","[2, 2, 4, 2, 2, 1]",a1.csv,3,4,-1
2,news,a1,1,11,6,"[1, 1, 5, 2, 2, 2]","[1, 1, 2, 2, 2, 1]",a1.csv,2,2,0
4,news,a1,1,2,6,"[3, 3, 5, 5, 6, 6]","[2, 1, 2, 1, 6, 2]",a1.csv,4,0,4
4,news,a1,1,3,6,"[4, 1, 6, 5, 6, 6]","[2, 1, 2, 2, 2, 1]",a1.csv,3,1,2
4,news,a1,1,4,6,"[3, 3, 5, 5, 5, 5]","[1, 1, 2, 2, 1, 2]",a1.csv,4,0,4
4,news,a1,1,5,6,"[3, 3, 5, 5, 5, 5]","[1, 1, 2, 5, 4, 2]",a1.csv,4,0,4
4,news,a1,1,6,6,"[3, 3, 5, 7, 5, 5]","[1, 1, 2, 4, 5, 2]",a1.csv,2,0,2
4,news,a1,1,7,6,"[3, 3, 5, 5, 5, 5]","[2, 1, 2, 2, 1, 1]",a1.csv,0,0,0
4,news,a1,1,8,6,"[3, 2, 3, 5, 5, 5]","[1, 4, 5, 3, 2, 2]",a1.csv,2,0,2
4,news,a1,1,9,6,"[3, 3, 5, 5, 5, 5]","[1, 1, 2, 2, 2, 1]",a1.csv,5,0,5
4,news,a1,1,10,6,"[3, 3, 5, 5, 5, 5]","[2, 2, 2, 2, 2, 5]",a1.csv,3,0,3
4,news,a1,1,11,6,"[3, 3, 5, 5, 5, 6]","[1, 1, 2, 2, 2, 1]",a1.csv,2,0,2
11,news,a1,1,2,6,"[1, 3, 2, 5, 6, 6]","[2, 1, 2, 1, 2, 2]",a1.csv,5,1,4
11,news,a1,1,3,6,"[4, 1, 2, 5, 6, 6]","[2, 1, 2, 1, 2, 1]",a1.csv,2,2,0
11,news,a1,1,4,6,"[3, 3, 5, 3, 5, 5]","[1, 1, 2, 2, 1, 2]",a1.csv,4,1,3
11,news,a1,1,5,6,"[1, 3, 5, 5, 5, 5]","[1, 1, 2, 3, 4, 2]",a1.csv,4,1,3
11,news,a1,1,6,6,"[1, 3, 4, 7, 5, 5]","[1, 1, 2, 4, 3, 2]",a1.csv,2,0,2
11,news,a1,1,7,6,"[3, 3, 5, 5, 5, 5]","[1, 1, 2, 2, 1, 1]",a1.csv,1,0,1
11,news,a1,1,8,6,"[3, 2, 4, 3, 5, 5]","[1, 1, 5, 3, 2, 4]",a1.csv,3,0,3
11,news,a1,1,9,6,"[1, 3, 5, 5, 5, 5]","[1, 1, 2, 2, 2, 1]",a1.csv,5,1,4
11,news,a1,1,10,6,"[3, 3, 5, 5, 5, 5]","[1, 1, 2, 2, 4, 1]",a1.csv,5,0,5
11,news,a1,1,11,6,"[3, 3, 5, 1, 5, 6]","[1, 1, 2, 2, 2, 1]",a1.csv,2,0,2
7,news,a1,1,2,6,"[1, 1, 4, 5, 6, 2]","[2, 1, 2, 1, 1, 2]",a1.csv,4,1,3
7,news,a1,1,3,6,"[4, 4, 6, 5, 6, 6]","[1, 1, 2, 2, 2, 1]",a1.csv,4,0,4
7,news,a1,1,4,6,"[1, 3, 5, 5, 5, 5]","[2, 1, 2, 2, 5, 5]",a1.csv,2,1,1
7,news,a1,1,5,6,"[1, 1, 5, 5, 5, 5]","[1, 1, 4, 3, 5, 1]",a1.csv,2,2,0
7,news,a1,1,6,6,"[3, 3, 5, 7, 5, 5]","[1, 2, 2, 4, 2, 3]",a1.csv,1,0,1
7,news,a1,1,7,6,"[1, 1, 5, 5, 5, 5]","[2, 1, 2, 2, 1, 5]",a1.csv,0,1,-1
7,news,a1,1,8,6,"[3, 2, 4, 5, 5, 5]","[1, 2, 2, 3, 4, 5]",a1.csv,2,0,2
7,news,a1,1,9,6,"[3, 3, 5, 5, 5, 5]","[1, 2, 3, 2, 2, 2]",a1.csv,4,0,4
7,news,a1,1,10,6,"[3, 3, 5, 5, 5, 5]","[1, 2, 2, 2, 4, 5]",a1.csv,3,0,3
7,news,a1,1,11,6,"[3, 3, 5, 5, 5, 6]","[1, 1, 1, 5, 2, 1]",a1.csv,1,0,1
5,news,a1,1,2,6,"[1, 1, 5, 5, 6, 2]","[1, 1, 2, 1, 1, 2]",a1.csv,3,1,2
5,news,a1,1,3,6,"[4, 1, 6, 5, 6, 6]","[2, 1, 2, 1, 2, 1]",a1.csv,2,1,1
5,news,a1,1,4,6,"[3, 3, 5, 5, 5, 5]","[1, 1, 2, 5, 5, 2]",a1.csv,4,0,4
5,news,a1,1,5,6,"[3, 3, 5, 3, 5, 5]","[1, 1, 2, 3, 5, 1]",a1.csv,3,0,3
5,news,a1,1,6,6,"[3, 3, 5, 7, 5, 5]","[1, 1, 2, 7, 5, 5]",a1.csv,2,0,2
5,news,a1,1,7,6,"[3, 3, 5, 5, 5, 5]","[2, 1, 2, 2, 1, 1]",a1.csv,0,0,0
5,news,a1,1,8,6,"[3, 2, 1, 5, 5, 5]","[2, 2, 1, 3, 2, 2]",a1.csv,1,0,1
5,news,a1,1,9,6,"[3, 3, 5, 5, 5, 5]","[3, 3, 5, 2, 5, 5]",a1.csv,1,0,1
5,news,a1,1,10,6,"[3, 3, 5, 5, 5, 5]","[1, 3, 5, 2, 5, 5]",a1.csv,2,0,2
5,news,a1,1,11,6,"[3, 3, 5, 5, 5, 6]","[1, 1, 2, 5, 2, 6]",a1.csv,1,0,1
30,news,a1,1,2,6,"[1, 3, 5, 5, 6, 2]","[2, 1, 2, 1, 1, 2]",a1.csv,4,0,4
30,news,a1,1,3,6,"[2, 1, 2, 5, 2, 6]","[2, 1, 2, 1, 2, 1]",a1.csv,2,2,0
30,news,a1,1,4,6,"[1, 1, 5, 5, 5, 2]","[1, 1, 2, 2, 1, 2]",a1.csv,4,3,1
30,news,a1,1,5,6,"[1, 3, 2, 5, 5, 2]","[1, 1, 2, 3, 2, 2]",a1.csv,5,3,2
30,news,a1,1,6,6,"[1, 3, 5, 4, 5, 5]","[1, 1, 2, 4, 2, 2]",a1.csv,2,0,2
30,news,a1,1,7,6,"[2, 3, 5, 5, 5, 5]","[2, 1, 2, 2, 1, 1]",a1.csv,0,0,0
30,news,a1,1,8,6,"[3, 1, 6, 3, 2, 4]","[1, 1, 6, 3, 2, 2]",a1.csv,3,2,1
30,news,a1,1,9,6,"[3, 3, 5, 5, 5, 2]","[1, 1, 1, 2, 2, 1]",a1.csv,4,0,4
30,news,a1,1,10,6,"[3, 3, 5, 5, 5, 5]","[1, 1, 2, 2, 2, 4]",a1.csv,5,0,5
30,news,a1,1,11,6,"[1, 1, 5, 5, 5, 6]","[1, 1, 2, 2, 2, 1]",a1.csv,2,1,1
25,news,a1,1,2,6,"[1, 1, 3, 3, 2, 2]","[2, 1, 2, 1, 1, 2]",a1.csv,4,2,2
25,news,a1,1,3,6,"[1, 1, 2, 2, 2, 1]","[2, 1, 2, 1, 2, 1]",a1.csv,2,4,-2
25,news,a1,1,4,6,"[1, 1, 3, 1, 3, 2]","[1, 1, 2, 2, 1, 2]",a1.csv,4,3,1
25,news,a1,1,5,6,"[1, 1, 2, 3, 2, 2]","[1, 1, 2, 3, 2, 2]",a1.csv,5,5,0
25,news,a1,1,6,6,"[1, 2, 2, 4, 3, 2]","[1, 2, 2, 4, 2, 2]",a1.csv,1,1,0
25,news,a1,1,7,6,"[1, 2, 2, 3, 3, 1]","[2, 1, 2, 2, 1, 1]",a1.csv,0,3,-3
25,news,a1,1,8,6,"[1, 1, 2, 3, 2, 1]","[1, 1, 1, 3, 2, 4]",a1.csv,3,5,-2
25,news,a1,1,9,6,"[1, 1, 2, 3, 4, 4]","[1, 1, 2, 2, 2, 1]",a1.csv,5,2,3
25,news,a1,1,10,6,"[1, 1, 2, 2, 1, 5]","[2, 2, 2, 2, 2, 1]",a1.csv,4,4,0
25,news,a1,1,11,6,"[1, 1, 3, 2, 2, 2]","[1, 1, 2, 2, 2, 1]",a1.csv,2,3,-1
13,news,a1,1,2,6,"[2, 1, 5, 5, 6, 6]","[2, 1, 2, 5, 6, 2]",a1.csv,3,2,1
13,news,a1,1,3,6,"[4, 1, 2, 5, 6, 6]","[2, 1, 2, 1, 2, 6]",a1.csv,2,2,0
13,news,a1,1,4,6,"[3, 3, 5, 5, 5, 5]","[1, 1, 2, 3, 5, 5]",a1.csv,4,0,4
13,news,a1,1,5,6,"[1, 3, 5, 5, 5, 5]","[1, 1, 2, 3, 5, 2]",a1.csv,4,1,3
13,news,a1,1,6,6,"[3, 3, 5, 1, 5, 5]","[1, 1, 1, 1, 5, 5]",a1.csv,1,0,1
13,news,a1,1,7,6,"[3, 3, 5, 5, 5, 5]","[1, 1, 2, 5, 2, 3]",a1.csv,2,0,2
13,news,a1,1,8,6,"[3, 2, 6, 5, 5, 5]","[1, 1, 6, 3, 3, 2]",a1.csv,2,0,2
13,news,a1,1,9,6,"[3, 3, 5, 5, 5, 5]","[1, 1, 1, 2, 2, 5]",a1.csv,3,0,3
13,news,a1,1,10,6,"[3, 3, 5, 5, 5, 5]","[1, 2, 2, 5, 5, 5]",a1.csv,2,0,2
13,news,a1,1,11,6,"[3, 3, 5, 5, 5, 6]","[1, 1, 2, 2, 5, 6]",a1.csv,2,0,2
20,news,a2,2,12,6,"[3.0, 3.0, 5.0, 5.0, 5.0, 5.0]","[1.0, 2.0, 3.0, 2.0, 5.0, 1.0]",a2.csv,2,0,2
20,news,a2,2,13,6,"[4, 4, 5, 5, 5, 5]","[1, 2, 2, 5, 2, 2]",a2.csv,1,0,1
20,news,a2,2,14,6,"[3, 1, 5, 5, 5, 5]","[2, 1, 3, 2, 3, 2]",a2.csv,5,1,4
20,news,a2,2,15,6,"[3, 3, 5, 5, 5, 5]","[2, 1, 1, 2, 5, 3]",a2.csv,2,0,2
20,news,a2,2,16,6,"[3.0, 3.0, 5.0, 5.0, 5.0, 5.0]","[2.0, 1.0, 2.0, 1.0, 5.0, 5.0]",a2.csv,1,0,1
20,news,a2,2,17,6,"[3, 3, 5, 5, 5, 5]","[2, 2, 5, 3, 2, 3]",a2.csv,1,0,1
20,news,a2,2,18,6,"[3, 2, 3, 5, 5, 5]","[3, 2, 3, 3, 3, 5]",a2.csv,1,1,0
20,news,a2,2,19,6,"[3, 3, 5, 5, 5, 5]","[3, 1, 3, 2, 2, 5]",a2.csv,0,0,0
20,news,a2,2,20,6,"[3, 3, 5, 5, 5, 5]","[1, 2, 5, 5, 3, 2]",a2.csv,2,0,2
20,news,a2,2,21,6,"[3, 3, 5, 5, 5, 5]","[1, 3, 5, 2, 5, 2]",a2.csv,1,0,1
27,news,a2,2,12,6,"[3.0, 3.0, 5.0, 5.0, 5.0, 5.0]","[1.0, 1.0, 3.0, 2.0, 3.0, 1.0]",a2.csv,1,0,1
27,news,a2,2,13,6,"[4, 4, 5, 5, 5, 5]","[1, 2, 2, 5, 2, 2]",a2.csv,1,0,1
27,news,a2,2,14,6,"[3, 1, 5, 5, 5, 2]","[3, 1, 3, 2, 3, 2]",a2.csv,4,2,2
27,news,a2,2,15,6,"[3, 3, 5, 5, 5, 5]","[2, 1, 3, 5, 5, 2]",a2.csv,0,0,0
27,news,a2,2,16,6,"[3.0, 3.0, 5.0, 5.0, 5.0, 5.0]","[1.0, 1.0, 5.0, 4.0, 3.0, 5.0]",a2.csv,0,0,0
27,news,a2,2,17,6,"[3, 3, 5, 5, 5, 5]","[1, 1, 3, 5, 2, 3]",a2.csv,3,0,3
27,news,a2,2,18,6,"[3, 2, 5, 5, 5, 5]","[1, 1, 3, 3, 3, 2]",a2.csv,2,0,2
27,news,a2,2,19,6,"[3, 3, 5, 5, 5, 5]","[2, 1, 3, 2, 5, 5]",a2.csv,0,0,0
27,news,a2,2,20,6,"[3, 3, 5, 5, 5, 5]","[1, 2, 5, 5, 3, 2]",a2.csv,2,0,2
27,news,a2,2,21,6,"[3, 3, 5, 5, 5, 5]","[1, 3, 5, 4, 5, 2]",a2.csv,0,0,0
21,news,a2,2,12,6,"[3.0, 3.0, 5.0, 5.0, 5.0, 5.0]","[1.0, 2.0, 3.0, 2.0, 3.0, 3.0]",a2.csv,2,0,2
21,news,a2,2,13,6,"[4, 4, 5, 5, 5, 5]","[4, 2, 2, 5, 5, 5]",a2.csv,0,0,0
21,news,a2,2,14,6,"[3, 3, 5, 5, 5, 5]","[3, 1, 3, 2, 3, 2]",a2.csv,4,0,4
21,news,a2,2,15,6,"[3, 3, 5, 5, 5, 5]","[3, 1, 3, 5, 5, 3]",a2.csv,1,0,1
21,news,a2,2,16,6,"[3.0, 3.0, 5.0, 5.0, 5.0, 5.0]","[1.0, 3.0, 2.0, 5.0, 5.0, 5.0]",a2.csv,0,0,0
21,news,a2,2,17,6,"[2, 3, 5, 5, 5, 5]","[1, 2, 5, 5, 2, 5]",a2.csv,1,0,1
21,news,a2,2,18,6,"[3, 2, 5, 5, 5, 5]","[1, 2, 5, 3, 3, 5]",a2.csv,0,0,0
21,news,a2,2,19,6,"[3, 3, 5, 5, 5, 5]","[3, 1, 1, 2, 5, 1]",a2.csv,0,0,0
21,news,a2,2,20,6,"[3, 3, 5, 5, 5, 5]","[3, 2, 5, 5, 3, 2]",a2.csv,1,0,1
21,news,a2,2,21,6,"[3, 3, 5, 5, 5, 5]","[1, 3, 5, 5, 5, 2]",a2.csv,0,0,0
18,news,a2,2,12,6,"[3.0, 3.0, 5.0, 5.0, 5.0, 5.0]","[3.0, 1.0, 3.0, 2.0, 3.0, 1.0]",a2.csv,0,0,0
18,news,a2,2,13,6,"[4, 4, 5, 5, 5, 5]","[1, 2, 2, 5, 2, 2]",a2.csv,1,0,1
18,news,a2,2,14,6,"[3, 3, 5, 5, 5, 5]","[3, 1, 3, 2, 5, 2]",a2.csv,3,0,3
18,news,a2,2,15,6,"[3, 3, 5, 5, 5, 5]","[2, 1, 5, 5, 5, 3]",a2.csv,1,0,1
18,news,a2,2,16,6,"[3.0, 3.0, 5.0, 5.0, 5.0, 5.0]","[2.0, 3.0, 2.0, 5.0, 5.0, 5.0]",a2.csv,1,0,1
18,news,a2,2,17,6,"[3, 3, 5, 5, 5, 5]","[3, 3, 3, 3, 2, 5]",a2.csv,2,0,2
18,news,a2,2,18,6,"[3, 2, 3, 5, 5, 5]","[1, 2, 3, 3, 3, 5]",a2.csv,1,1,0
18,news,a2,2,19,6,"[3, 3, 5, 5, 5, 5]","[2, 1, 3, 2, 2, 3]",a2.csv,0,0,0
18,news,a2,2,20,6,"[3, 3, 5, 5, 5, 5]","[3, 2, 5, 5, 5, 5]",a2.csv,0,0,0
18,news,a2,2,21,6,"[3, 3, 5, 5, 5, 5]","[3, 3, 5, 5, 5, 5]",a2.csv,0,0,0
6,news,a2,2,12,6,"[3.0, 3.0, 5.0, 5.0, 5.0, 5.0]","[1.0, 1.0, 3.0, 5.0, 3.0, 5.0]",a2.csv,1,0,1
6,news,a2,2,13,6,"[4, 4, 5, 5, 5, 5]","[1, 1, 2, 5, 4, 2]",a2.csv,2,0,2
6,news,a2,2,14,6,"[3, 3, 5, 5, 5, 5]","[2, 1, 3, 2, 3, 2]",a2.csv,5,0,5
6,news,a2,2,15,6,"[3, 3, 5, 5, 5, 5]","[2, 1, 5, 5, 5, 3]",a2.csv,1,0,1
6,news,a2,2,16,6,"[3.0, 3.0, 5.0, 5.0, 5.0, 5.0]","[1.0, 3.0, 2.0, 5.0, 3.0, 5.0]",a2.csv,0,0,0
6,news,a2,2,17,6,"[3, 3, 5, 5, 5, 5]","[3, 2, 3, 3, 2, 5]",a2.csv,2,0,2
6,news,a2,2,18,6,"[3, 2, 6, 5, 5, 5]","[1, 2, 2, 3, 3, 5]",a2.csv,0,0,0
6,news,a2,2,19,6,"[3, 3, 5, 5, 2, 5]","[2, 1, 3, 2, 2, 3]",a2.csv,0,0,0
6,news,a2,2,20,6,"[3, 3, 5, 5, 5, 5]","[1, 2, 5, 5, 5, 2]",a2.csv,2,0,2
6,news,a2,2,21,6,"[3, 3, 5, 5, 5, 5]","[1, 3, 5, 1, 2, 2]",a2.csv,0,0,0
17,news,a2,2,12,6,"[3.0, 1.0, 5.0, 2.0, 2.0, 5.0]","[1.0, 2.0, 3.0, 2.0, 3.0, 3.0]",a2.csv,2,1,1
17,news,a2,2,13,6,"[4, 4, 5, 5, 4, 5]","[4, 2, 2, 5, 2, 2]",a2.csv,1,0,1
17,news,a2,2,14,6,"[3, 1, 5, 5, 5, 2]","[2, 1, 3, 2, 3, 2]",a2.csv,5,2,3
17,news,a2,2,15,6,"[2, 3, 5, 5, 5, 3]","[2, 1, 1, 5, 5, 3]",a2.csv,1,1,0
17,news,a2,2,16,6,"[3.0, 3.0, 2.0, 5.0, 5.0, 5.0]","[1.0, 3.0, 2.0, 5.0, 5.0, 5.0]",a2.csv,0,0,0
17,news,a2,2,17,6,"[3, 3, 5, 5, 5, 5]","[2, 2, 3, 3, 5, 3]",a2.csv,2,0,2
17,news,a2,2,18,6,"[3, 2, 6, 5, 5, 5]","[3, 2, 5, 3, 5, 5]",a2.csv,0,0,0
17,news,a2,2,19,6,"[3, 3, 5, 5, 5, 5]","[2, 1, 1, 2, 5, 5]",a2.csv,0,0,0
17,news,a2,2,20,6,"[3, 3, 5, 5, 5, 5]","[3, 2, 5, 5, 3, 2]",a2.csv,1,0,1
17,news,a2,2,21,6,"[3, 3, 5, 1, 5, 5]","[3, 3, 5, 1, 5, 2]",a2.csv,0,0,0
29,news,a2,2,12,6,"[3.0, 3.0, 5.0, 5.0, 5.0, 5.0]","[1.0, 1.0, 3.0, 2.0, 1.0, nan]",a2.csv,1,0,1
29,news,a2,2,13,6,"[4, 4, 5, 5, 5, 5]","[1, 2, 2, 1, 2, 2]",a2.csv,1,0,1
29,news,a2,2,14,6,"[3, 3, 5, 5, 5, 5]","[2, 3, 5, 3, 3, 5]",a2.csv,3,0,3
29,news,a2,2,15,6,"[3, 3, 5, 5, 5, 5]","[3, 1, 3, 2, 5, 3]",a2.csv,2,0,2
29,news,a2,2,16,6,"[3.0, 3.0, 5.0, 5.0, 5.0, 5.0]","[1.0, 2.0, 5.0, 5.0, 5.0, 5.0]",a2.csv,1,0,1
29,news,a2,2,17,6,"[3, 3, 5, 5, 5, 5]","[2, 2, 5, 3, 2, 5]",a2.csv,1,0,1
29,news,a2,2,18,6,"[3, 2, 6, 5, 5, 5]","[3, 2, 3, 3, 5, 5]",a2.csv,1,0,1
29,news,a2,2,19,6,"[3, 3, 5, 2, 5, 5]","[3, 1, 1, 2, 2, 3]",a2.csv,0,0,0
29,news,a2,2,20,6,"[3, 3, 5, 5, 5, 5]","[1, 2, 3, 5, 3, 2]",a2.csv,2,0,2
29,news,a2,2,21,6,"[3, 3, 5, 5, 5, 5]","[3, 3, 5, 5, 5, 5]",a2.csv,0,0,0
24,news,a2,2,12,6,"[1.0, 1.0, 3.0, 2.0, 2.0, 3.0]","[1.0, 1.0, 3.0, 2.0, 3.0, 2.0]",a2.csv,2,2,0
24,news,a2,2,13,6,"[2, 1, 2, 1, 4, 2]","[1, 1, 2, 1, 2, 2]",a2.csv,2,3,-1
24,news,a2,2,14,6,"[2, 1, 3, 2, 3, 2]","[1, 1, 3, 2, 3, 2]",a2.csv,4,5,-1
24,news,a2,2,15,6,"[2, 1, 1, 5, 5, 3]","[2, 1, 1, 3, 2, 3]",a2.csv,1,1,0
24,news,a2,2,16,6,"[1.0, 2.0, 1.0, 2.0, 5.0, 4.0]","[nan, 3.0, 1.0, 2.0, 2.0, 4.0]",a2.csv,1,1,0
24,news,a2,2,17,6,"[1, 1, 5, 1, 2, 3]","[2, 1, 3, 3, 2, 3]",a2.csv,3,2,1
24,news,a2,2,18,6,"[1, 2, 6, 2, 1, 2]","[1, 1, 3, 3, 3, 2]",a2.csv,2,1,1
24,news,a2,2,19,6,"[2, 1, 5, 1, 2, 1]","[2, 1, 3, 2, 2, 3]",a2.csv,0,0,0
24,news,a2,2,20,6,"[1, 1, 3, 4, 5, 1]","[1, 2, 2, 3, 5, 4]",a2.csv,2,2,0
24,news,a2,2,21,6,"[1, 1, 5, 2, 2, 2]","[1, 2, 3, 4, 2, 2]",a2.csv,1,2,-1
15,news,a2,2,12,6,"[3.0, 3.0, 5.0, 5.0, 5.0, 5.0]","[1.0, 1.0, 3.0, 2.0, 3.0, 1.0]",a2.csv,1,0,1
15,news,a2,2,13,6,"[4, 4, 5, 5, 5, 5]","[1, 2, 2, 3, 2, 2]",a2.csv,1,0,1
15,news,a2,2,14,6,"[3, 3, 5, 5, 5, 5]","[2, 1, 3, 2, 3, 2]",a2.csv,5,0,5
15,news,a2,2,15,6,"[3, 3, 5, 5, 5, 5]","[1, 1, 3, 2, 5, 5]",a2.csv,2,0,2
15,news,a2,2,16,6,"[3.0, 3.0, 5.0, 5.0, 5.0, 5.0]","[1.0, 3.0, 2.0, 5.0, 5.0, 5.0]",a2.csv,0,0,0
15,news,a2,2,17,6,"[3, 3, 5, 5, 5, 5]","[2, 2, 3, 3, 2, 3]",a2.csv,2,0,2
15,news,a2,2,18,6,"[3, 2, 6, 5, 5, 5]","[1, 2, 3, 3, 3, 5]",a2.csv,1,0,1
15,news,a2,2,19,6,"[3, 3, 5, 5, 5, 5]","[2, 1, 3, 2, 2, 4]",a2.csv,0,0,0
15,news,a2,2,20,6,"[3, 3, 5, 5, 5, 5]","[1, 2, 5, 2, 3, 2]",a2.csv,3,0,3
15,news,a2,2,21,6,"[3, 3, 5, 5, 5, 5]","[1, 3, 5, 5, 5, 5]",a2.csv,0,0,0
8,news,a2,2,12,6,"[3.0, 3.0, 5.0, 5.0, 5.0, 5.0]","[1.0, 2.0, 3.0, 2.0, 3.0, 1.0]",a2.csv,2,0,2
8,news,a2,2,13,6,"[1, 4, 5, 5, 5, 5]","[1, 1, 2, 1, 2, 2]",a2.csv,2,0,2
8,news,a2,2,14,6,"[3, 1, 5, 5, 5, 2]","[3, 1, 3, 3, 3, 2]",a2.csv,5,2,3
8,news,a2,2,15,6,"[3, 3, 5, 5, 5, 5]","[1, 1, 1, 2, 5, 3]",a2.csv,3,0,3
8,news,a2,2,16,6,"[3.0, 3.0, 5.0, 5.0, 5.0, 5.0]","[1.0, 1.0, 2.0, 4.0, 1.0, 5.0]",a2.csv,0,0,0
8,news,a2,2,17,6,"[3, 3, 5, 5, 5, 5]","[2, 3, 1, 5, 2, 3]",a2.csv,0,0,0
8,news,a2,2,18,6,"[3, 2, 6, 5, 5, 5]","[1, 1, 3, 1, 2, 3]",a2.csv,4,0,4
8,news,a2,2,19,6,"[3, 1, 3, 2, 5, 5]","[1, 1, 3, 2, 2, 3]",a2.csv,1,0,1
8,news,a2,2,20,6,"[1, 3, 5, 5, 5, 5]","[1, 2, 5, 3, 3, 5]",a2.csv,1,1,0
8,news,a2,2,21,6,"[3, 3, 5, 1, 5, 5]","[1, 1, 3, 2, 2, 2]",a2.csv,3,0,3
Richard Oben,news,a3,3,22,6,"[3, 1, 4, 2, 4, 2]","[1, 1, 3, 3, 3, 3]",a3.csv,2,3,-1
Richard Oben,news,a3,3,23,6,"[4, 1, 5, 4, 2, 5]","[2, 1, 1, 2, 2, 2]",a3.csv,2,1,1
Richard Oben,news,a3,3,24,6,"[3, 3, 5, 3, 3, 3]","[1, 1, 3, 2, 1, 3]",a3.csv,4,2,2
Richard Oben,news,a3,3,25,6,"[3, 1, 2, 4, 2, 5]","[1, 1, 1, 4, 3, 1]",a3.csv,3,1,2
Richard Oben,news,a3,3,26,6,"[3, 1, 1, 3, 5, 4]","[1, 1, 1, 2, 2, 4]",a3.csv,2,2,0
Richard Oben,news,a3,3,27,6,"[1.0, 1.0, 2.0, 3.0, 4.0, 3.0]","[1.0, 1.0, 2.0, 3.0, 2.0, 3.0]",a3.csv,3,2,1
Richard Oben,news,a3,3,28,6,"[3, 2, 1, 2, 2, 3]","[1, 1, 3, 2, 2, 2]",a3.csv,4,0,4
Richard Oben,news,a3,3,29,6,"[1, 3, 4, 5, 5, 5]","[1, 2, 3, 1, 4, 4]",a3.csv,0,0,0
Richard Oben,news,a3,3,30,6,"[2, 1, 4, 5, 1, 5]","[2, 1, 3, 3, 1, 3]",a3.csv,3,1,2
Richard Oben,news,a3,3,31,6,"[1, 1, 3, 3, 4, 2]","[1, 1, 3, 3, 4, 2]",a3.csv,0,0,0
14,news,a3,3,22,6,"[3, 1, 1, 5, 5, 5]","[1, 1, 3, 1, 3, 3]",a3.csv,2,1,1
14,news,a3,3,23,6,"[4, 4, 5, 5, 5, 5]","[2, 1, 1, 2, 2, 2]",a3.csv,2,0,2
14,news,a3,3,24,6,"[3, 3, 5, 5, 5, 5]","[1, 1, 3, 2, 3, 3]",a3.csv,5,0,5
14,news,a3,3,25,6,"[3, 3, 5, 5, 5, 5]","[1, 3, 4, 1, 3, 1]",a3.csv,2,0,2
14,news,a3,3,26,6,"[3, 1, 5, 2, 5, 5]","[1, 1, 3, 2, 3, 4]",a3.csv,1,1,0
14,news,a3,3,27,6,"[3.0, 3.0, 5.0, 5.0, 5.0, 5.0]","[1.0, 1.0, 3.0, 3.0, 2.0, 4.0]",a3.csv,4,0,4
14,news,a3,3,28,6,"[3, 2, 5, 5, 5, 5]","[3, 4, 3, 4, 4, 2]",a3.csv,2,0,2
14,news,a3,3,29,6,"[1, 3, 3, 4, 5, 5]","[1, 1, 3, 1, 4, 2]",a3.csv,1,0,1
14,news,a3,3,30,6,"[3, 1, 5, 3, 1, 5]","[2, 1, 4, 3, 1, 3]",a3.csv,3,2,1
14,news,a3,3,31,6,"[3, 1, 2, 1, 5, 5]","[1, 1, 3, 1, 3, 2]",a3.csv,0,0,0
23,news,a3,3,22,6,"[3, 1, 5, 5, 5, 5]","[2, 1, 3, 2, 3, 3]",a3.csv,2,1,1
23,news,a3,3,23,6,"[4, 1, 5, 2, 5, 5]","[4, 1, 2, 2, 2, 5]",a3.csv,2,2,0
23,news,a3,3,24,6,"[1, 1, 5, 2, 5, 5]","[1, 1, 3, 2, 3, 3]",a3.csv,5,3,2
23,news,a3,3,25,6,"[3, 3, 5, 5, 5, 5]","[1, 1, 5, 3, 3, 4]",a3.csv,3,0,3
23,news,a3,3,26,6,"[3, 3, 5, 5, 5, 5]","[1, 1, 3, 2, 3, 1]",a3.csv,1,0,1
23,news,a3,3,27,6,"[3.0, 3.0, 2.0, 5.0, 5.0, 5.0]","[1.0, 1.0, 2.0, 3.0, 2.0, 3.0]",a3.csv,3,0,3
23,news,a3,3,28,6,"[3, 2, 5, 5, 5, 5]","[1, 1, 3, 5, 2, 5]",a3.csv,3,0,3
23,news,a3,3,29,6,"[3, 3, 5, 5, 5, 5]","[1, 3, 3, 1, 3, 2]",a3.csv,0,0,0
23,news,a3,3,30,6,"[3, 1, 5, 5, 5, 3]","[2, 1, 2, 3, 4, 3]",a3.csv,4,2,2
23,news,a3,3,31,6,"[3, 3, 5, 5, 1, 5]","[1, 1, 3, 3, 3, 2]",a3.csv,0,0,0
12,news,a3,3,22,6,"[3, 2, 3, 5, 3, 5]","[3, 2, 3, 4, 3, 3]",a3.csv,0,0,0
12,news,a3,3,23,6,"[4, 1, 5, 2, 5, 5]","[4, 1, 2, 2, 2, 2]",a3.csv,2,2,0
12,news,a3,3,24,6,"[1, 3, 5, 5, 5, 5]","[1, 1, 5, 2, 5, 3]",a3.csv,4,1,3
12,news,a3,3,25,6,"[3, 3, 1, 5, 5, 5]","[1, 1, 2, 3, 3, 5]",a3.csv,3,0,3
12,news,a3,3,26,6,"[1, 1, 5, 2, 3, 1]","[1, 1, 3, 2, 3, 1]",a3.csv,1,1,0
12,news,a3,3,27,6,"[1.0, 3.0, 5.0, 3.0, 5.0, 5.0]","[1.0, 1.0, 2.0, 3.0, 2.0, 1.0]",a3.csv,3,1,2
12,news,a3,3,28,6,"[3, 2, 5, 5, 5, 5]","[1, 1, 3, 5, 2, 5]",a3.csv,3,0,3
12,news,a3,3,29,6,"[3, 3, 5, 5, 5, 5]","[1, 1, 3, 1, 2, 2]",a3.csv,1,0,1
12,news,a3,3,30,6,"[2, 1, 3, 3, 1, 3]","[2, 1, 2, 3, 4, 3]",a3.csv,4,3,1
12,news,a3,3,31,6,"[1, 1, 3, 5, 5, 5]","[1, 1, 3, 3, 3, 2]",a3.csv,0,0,0
28,news,a3,3,22,6,"[3, 1, 5, 5, 3, 1]","[2, 1, 3, 2, 3, 3]",a3.csv,2,1,1
28,news,a3,3,23,6,"[4, 4, 5, 5, 5, 5]","[2, 1, 2, 2, 2, 2]",a3.csv,2,0,2
28,news,a3,3,24,6,"[3, 3, 3, 5, 5, 5]","[1, 1, 2, 3, 3, 3]",a3.csv,4,0,4
28,news,a3,3,25,6,"[3, 3, 5, 5, 5, 5]","[1, 3, 1, 4, 3, 2]",a3.csv,2,0,2
28,news,a3,3,26,6,"[3, 3, 5, 5, 2, 5]","[1, 1, 2, 2, 3, 1]",a3.csv,2,1,1
28,news,a3,3,27,6,"[3.0, 3.0, 5.0, 3.0, 5.0, 5.0]","[1.0, 3.0, 2.0, 3.0, 2.0, 1.0]",a3.csv,2,1,1
28,news,a3,3,28,6,"[3, 2, 5, 5, 5, 5]","[3, 1, 3, 2, 3, 5]",a3.csv,3,0,3
28,news,a3,3,29,6,"[3, 3, 5, 5, 5, 5]","[2, 3, 5, 1, 3, 5]",a3.csv,1,0,1
28,news,a3,3,30,6,"[2, 1, 5, 5, 1, 3]","[2, 1, 3, 3, 4, 3]",a3.csv,3,2,1
28,news,a3,3,31,6,"[3, 3, 5, 5, 5, 5]","[1, 2, 3, 3, 4, 2]",a3.csv,0,0,0
22,news,a3,3,22,6,"[2, 2, 5, 5, 5, 5]","[2, 2, 3, 4, 3, 3]",a3.csv,0,0,0
22,news,a3,3,23,6,"[4, 1, 5, 2, 5, 5]","[2, 1, 2, 2, 2, 5]",a3.csv,2,2,0
22,news,a3,3,24,6,"[3, 3, 5, 5, 5, 5]","[1, 2, 3, 2, 3, 3]",a3.csv,4,0,4
22,news,a3,3,25,6,"[3, 3, 5, 5, 5, 5]","[1, 2, 1, 5, 3, 2]",a3.csv,2,0,2
22,news,a3,3,26,6,"[1, 1, 5, 2, 5, 5]","[1, 1, 3, 2, 3, 4]",a3.csv,1,1,0
22,news,a3,3,27,6,"[3.0, 3.0, 5.0, 5.0, 5.0, 5.0]","[1.0, 1.0, 2.0, 3.0, 2.0, 1.0]",a3.csv,3,0,3
22,news,a3,3,28,6,"[3, 2, 5, 5, 5, 5]","[1, 1, 3, 2, 1, 2]",a3.csv,4,0,4
22,news,a3,3,29,6,"[3, 3, 5, 5, 5, 5]","[1, 2, 3, 1, 3, 2]",a3.csv,0,0,0
22,news,a3,3,30,6,"[3, 1, 5, 5, 5, 5]","[2, 1, 3, 3, 1, 3]",a3.csv,3,1,2
22,news,a3,3,31,6,"[3, 1, 5, 5, 5, 5]","[1, 1, 3, 3, 3, 2]",a3.csv,0,0,0
19,news,a3,3,22,6,"[3, 1, 5, 5, 5, 5]","[2, 1, 5, 2, 3, 3]",a3.csv,2,1,1
19,news,a3,3,23,6,"[4, 4, 5, 5, 5, 5]","[2, 1, 2, 2, 2, 4]",a3.csv,2,0,2
19,news,a3,3,24,6,"[1, 3, 5, 5, 5, 5]","[1, 2, 3, 2, 3, 3]",a3.csv,4,1,3
19,news,a3,3,25,6,"[1, 3, 5, 4, 5, 5]","[1, 2, 2, 4, 3, 2]",a3.csv,2,1,1
19,news,a3,3,26,6,"[1, 1, 5, 2, 5, 5]","[1, 1, 3, 2, 2, 3]",a3.csv,3,1,2
19,news,a3,3,27,6,"[3.0, 3.0, 2.0, 3.0, 5.0, 5.0]","[1.0, 1.0, 2.0, 3.0, 2.0, 3.0]",a3.csv,3,1,2
19,news,a3,3,28,6,"[3, 2, 5, 5, 5, 5]","[1, 1, 3, 2, 3, 2]",a3.csv,5,0,5
19,news,a3,3,29,6,"[3, 3, 5, 1, 5, 5]","[1, 2, 3, 1, 2, 1]",a3.csv,0,0,0
19,news,a3,3,30,6,"[2, 1, 5, 5, 1, 5]","[2, 1, 3, 3, 1, 3]",a3.csv,3,1,2
19,news,a3,3,31,6,"[3, 1, 5, 5, 5, 5]","[1, 1, 3, 3, 3, 2]",a3.csv,0,0,0
26,news,a3,3,22,6,"[3, 3, 5, 5, 5, 5]","[2, 3, 5, 2, 3, 3]",a3.csv,1,0,1
26,news,a3,3,23,6,"[4, 4, 5, 5, 5, 5]","[4, 1, 2, 2, 2, 2]",a3.csv,2,0,2
26,news,a3,3,24,6,"[3, 3, 5, 5, 5, 5]","[1, 1, 2, 2, 1, 5]",a3.csv,3,0,3
26,news,a3,3,25,6,"[3, 3, 5, 5, 5, 5]","[1, 1, 3, 1, 3, 1]",a3.csv,4,0,4
26,news,a3,3,26,6,"[3, 3, 5, 5, 5, 5]","[1, 1, 3, 2, 3, 1]",a3.csv,1,0,1
26,news,a3,3,27,6,"[3.0, 3.0, 5.0, 5.0, 5.0, 5.0]","[1.0, 1.0, 2.0, 3.0, 2.0, 2.0]",a3.csv,4,0,4
26,news,a3,3,28,6,"[3, 2, 5, 5, 5, 5]","[3, 1, 3, 2, 5, 5]",a3.csv,2,0,2
26,news,a3,3,29,6,"[3, 3, 5, 5, 5, 5]","[1, 2, 5, 1, 2, 1]",a3.csv,0,0,0
26,news,a3,3,30,6,"[3, 3, 5, 5, 5, 5]","[1, 1, 5, 3, 1, 3]",a3.csv,4,0,4
26,news,a3,3,31,6,"[3, 3, 5, 5, 5, 5]","[1, 1, 5, 1, 1, 1]",a3.csv,0,0,0
10,news,a3,3,22,6,"[3, 3, 3, 5, 5, 5]","[2, 3, 3, 2, 3, 3]",a3.csv,1,0,1
10,news,a3,3,23,6,"[4, 4, 5, 5, 5, 5]","[4, 1, 2, 2, 2, 5]",a3.csv,2,0,2
10,news,a3,3,24,6,"[3, 3, 5, 5, 5, 5]","[1, 3, 3, 5, 3, 3]",a3.csv,3,0,3
10,news,a3,3,25,6,"[3, 3, 2, 5, 2, 5]","[1, 2, 5, 5, 3, 1]",a3.csv,2,0,2
10,news,a3,3,26,6,"[3, 3, 5, 5, 5, 5]","[1, 1, 3, 2, 5, 5]",a3.csv,1,0,1
10,news,a3,3,27,6,"[3.0, 3.0, 5.0, 5.0, 5.0, 5.0]","[1.0, 1.0, 2.0, 3.0, 5.0, 3.0]",a3.csv,2,0,2
10,news,a3,3,28,6,"[3, 2, 5, 5, 5, 5]","[1, 1, 3, 2, 5, 5]",a3.csv,3,0,3
10,news,a3,3,29,6,"[3, 3, 5, 5, 5, 5]","[1, 3, 3, 1, 2, 2]",a3.csv,0,0,0
10,news,a3,3,30,6,"[2, 1, 5, 3, 1, 3]","[2, 1, 5, 3, 4, 3]",a3.csv,3,3,0
10,news,a3,3,31,6,"[3, 3, 5, 3, 5, 4]","[1, 1, 5, 3, 3, 2]",a3.csv,0,0,0
16,news,a3,3,22,6,"[1, 3, 1, 3, 2, 5]","[2, 3, 3, 2, 3, 3]",a3.csv,1,2,-1
16,news,a3,3,23,6,"[4, 1, 5, 2, 5, 5]","[4, 1, 2, 2, 2, 2]",a3.csv,2,2,0
16,news,a3,3,24,6,"[1, 1, 5, 2, 5, 5]","[1, 1, 3, 2, 5, 3]",a3.csv,4,3,1
16,news,a3,3,25,6,"[3, 3, 5, 5, 5, 5]","[1, 1, 1, 1, 3, 3]",a3.csv,4,0,4
16,news,a3,3,26,6,"[1, 1, 3, 2, 3, 5]","[1, 1, 3, 2, 3, 3]",a3.csv,2,1,1
16,news,a3,3,27,6,"[1.0, 3.0, 2.0, nan, 2.0, 5.0]","[1.0, 1.0, 2.0, 3.0, 2.0, 1.0]",a3.csv,3,1,2
16,news,a3,3,28,6,"[3, 2, 5, 5, 5, 5]","[1, 1, 3, 1, 4, 5]",a3.csv,4,0,4
16,news,a3,3,29,6,"[1, 3, 3, 1, 3, 5]","[1, 2, 3, 1, 3, 2]",a3.csv,0,0,0
16,news,a3,3,30,6,"[2, 1, 5, 3, 1, 3]","[2, 1, 3, 3, 1, 3]",a3.csv,3,3,0
16,news,a3,3,31,6,"[1, 1, 5, 3, 3, 1]","[1, 1, 1, 3, 3, 2]",a3.csv,0,0,0
9,abstract,b1,1,2,6,"[1, 1, 2, 2, 6, 2]","[1, 1, 2, 1, 4, 2]",b1.csv,3,2,1
9,abstract,b1,1,3,6,"[2, 1, 2, 2, 2, 1]","[2, 1, 2, 2, 2, 1]",b1.csv,3,3,0
9,abstract,b1,1,4,6,"[1, 3, 4, 5, 5, 5]","[1, 1, 2, 2, 1, 2]",b1.csv,4,1,3
9,abstract,b1,1,5,6,"[3, 3, 2, 3, 2, 5]","[1, 1, 2, 3, 2, 2]",b1.csv,5,2,3
9,abstract,b1,1,6,6,"[3, 3, 4, 7, 5, 5]","[1, 1, 1, 5, 1, 2]",b1.csv,2,0,2
9,abstract,b1,1,7,6,"[3, 3, 5, 5, 5, 5]","[2, 1, 1, 2, 1, 3]",b1.csv,0,0,0
9,abstract,b1,1,8,6,"[3, 2, 4, 3, 5, 5]","[1, 1, 3, 3, 4, 4]",b1.csv,2,0,2
9,abstract,b1,1,9,6,"[3, 3, 5, 5, 5, 5]","[1, 1, 2, 3, 2, 1]",b1.csv,4,0,4
9,abstract,b1,1,10,6,"[3, 3, 5, 5, 5, 5]","[1, 1, 2, 2, 2, 1]",b1.csv,6,0,6
9,abstract,b1,1,11,6,"[3, 3, 5, 5, 5, 6]","[1, 1, 2, 2, 1, 1]",b1.csv,2,0,2
14,abstract,b1,1,2,6,"[1, 1, 4, 2, 3, 2]","[1, 1, 2, 2, 3, 2]",b1.csv,2,1,1
14,abstract,b1,1,3,6,"[1, 2, 4, 1, 3, 4]","[2, 1, 2, 2, 4, 1]",b1.csv,3,1,2
14,abstract,b1,1,4,6,"[1, 1, 4, 4, 5, 5]","[1, 1, 2, 4, 1, 1]",b1.csv,3,2,1
14,abstract,b1,1,5,6,"[3, 1, 1, 3, 5, 5]","[1, 1, 2, 3, 1, 3]",b1.csv,3,1,2
14,abstract,b1,1,6,6,"[3, 3, 5, 7, 5, 5]","[1, 1, 2, 1, 2, 5]",b1.csv,2,0,2
14,abstract,b1,1,7,6,"[3, 3, 5, 5, 5, 5]","[1, 1, 3, 2, 1, 3]",b1.csv,2,0,2
14,abstract,b1,1,8,6,"[3, 2, 5, 5, 5, 5]","[1, 1, 3, 3, 2, 4]",b1.csv,3,0,3
14,abstract,b1,1,9,6,"[3, 3, 1, 5, 5, 5]","[1, 1, 1, 3, 3, 1]",b1.csv,2,0,2
14,abstract,b1,1,10,6,"[3, 3, 5, 5, 5, 5]","[2, 1, 1, 3, 4, 4]",b1.csv,1,0,1
14,abstract,b1,1,11,6,"[1, 1, 5, 5, 5, 6]","[1, 1, 3, 1, 4, 1]",b1.csv,2,1,1
22,abstract,b1,1,2,6,"[1, 1, 2, 2, 6, 2]","[2, 1, 2, 1, 2, 2]",b1.csv,5,2,3
22,abstract,b1,1,3,6,"[4, 4, 6, 5, 6, 6]","[2, 1, 2, 2, 2, 1]",b1.csv,3,0,3
22,abstract,b1,1,4,6,"[3, 3, 1, 5, 5, 5]","[1, 1, 2, 2, 1, 2]",b1.csv,4,0,4
22,abstract,b1,1,5,6,"[1, 3, 2, 5, 5, 5]","[1, 1, 2, 3, 2, 2]",b1.csv,5,2,3
22,abstract,b1,1,6,6,"[3, 3, 5, 7, 5, 5]","[1, 1, 2, 7, 2, 2]",b1.csv,2,0,2
22,abstract,b1,1,7,6,"[3, 3, 5, 5, 5, 5]","[2, 1, 3, 2, 1, 3]",b1.csv,1,0,1
22,abstract,b1,1,8,6,"[3, 2, 5, 1, 5, 5]","[2, 1, 3, 3, 2, 4]",b1.csv,2,0,2
22,abstract,b1,1,9,6,"[3, 3, 5, 5, 5, 5]","[1, 1, 2, 3, 1, 5]",b1.csv,2,0,2
22,abstract,b1,1,10,6,"[3, 3, 5, 5, 5, 5]","[1, 2, 2, 3, 2, 4]",b1.csv,3,0,3
22,abstract,b1,1,11,6,"[3, 3, 5, 5, 5, 6]","[1, 1, 2, 2, 2, 1]",b1.csv,2,0,2
26,abstract,b1,1,2,6,"[3, 3, 5, 5, 6, 6]","[2, 1, 2, 1, 3, 2]",b1.csv,4,0,4
26,abstract,b1,1,3,6,"[4, 4, 6, 5, 6, 6]","[2, 1, 2, 5, 4, 1]",b1.csv,2,0,2
26,abstract,b1,1,4,6,"[3, 3, 5, 5, 5, 5]","[1, 1, 2, 2, 1, 2]",b1.csv,4,0,4
26,abstract,b1,1,5,6,"[3, 3, 5, 5, 5, 5]","[1, 1, 2, 5, 2, 2]",b1.csv,5,0,5
26,abstract,b1,1,6,6,"[3, 3, 5, 7, 5, 5]","[3, 3, 5, 4, 1, 5]",b1.csv,1,0,1
26,abstract,b1,1,7,6,"[3, 3, 5, 5, 5, 5]","[3, 2, 2, 2, 3, 4]",b1.csv,1,0,1
26,abstract,b1,1,8,6,"[3, 2, 5, 5, 5, 5]","[1, 1, 2, 3, 2, 4]",b1.csv,4,0,4
26,abstract,b1,1,9,6,"[3, 3, 5, 5, 5, 5]","[1, 3, 5, 5, 5, 5]",b1.csv,1,0,1
26,abstract,b1,1,10,6,"[3, 3, 5, 5, 5, 5]","[1, 1, 2, 5, 1, 4]",b1.csv,3,0,3
26,abstract,b1,1,11,6,"[3, 3, 5, 5, 5, 6]","[1, 1, 2, 2, 2, 1]",b1.csv,2,0,2
23,abstract,b1,1,2,6,"[1, 3, 2, 5, 6, 2]","[2, 1, 2, 1, 2, 2]",b1.csv,5,1,4
23,abstract,b1,1,3,6,"[4, 1, 6, 5, 6, 6]","[2, 1, 2, 4, 2, 1]",b1.csv,2,1,1
23,abstract,b1,1,4,6,"[1, 1, 4, 5, 5, 5]","[1, 1, 2, 2, 1, 2]",b1.csv,4,2,2
23,abstract,b1,1,5,6,"[1, 1, 2, 5, 2, 2]","[1, 1, 2, 3, 2, 2]",b1.csv,5,5,0
23,abstract,b1,1,6,6,"[1, 3, 5, 7, 5, 2]","[1, 1, 2, 4, 2, 2]",b1.csv,2,0,2
23,abstract,b1,1,7,6,"[3, 3, 5, 5, 5, 5]","[2, 1, 2, 2, 1, 1]",b1.csv,0,0,0
23,abstract,b1,1,8,6,"[3, 2, 5, 3, 5, 5]","[1, 4, 3, 3, 4, 2]",b1.csv,1,0,1
23,abstract,b1,1,9,6,"[3, 3, 5, 5, 5, 5]","[1, 1, 2, 2, 2, 1]",b1.csv,5,0,5
23,abstract,b1,1,10,6,"[1, 3, 5, 5, 5, 5]","[1, 1, 2, 2, 2, 5]",b1.csv,5,1,4
23,abstract,b1,1,11,6,"[3, 3, 5, 5, 4, 6]","[1, 1, 2, 2, 4, 1]",b1.csv,2,0,2
12,abstract,b1,1,2,6,"[1, 1, 4, 5, 6, 2]","[2, 1, 2, 1, 2, 6]",b1.csv,5,1,4
12,abstract,b1,1,3,6,"[2, 1, 2, 1, 2, 1]","[2, 1, 2, 2, 6, 1]",b1.csv,3,2,1
12,abstract,b1,1,4,6,"[1, 1, 4, 5, 4, 5]","[1, 1, 2, 2, 1, 5]",b1.csv,3,2,1
12,abstract,b1,1,5,6,"[1, 1, 2, 3, 2, 1]","[1, 1, 2, 5, 2, 2]",b1.csv,5,4,1
12,abstract,b1,1,6,6,"[1, 3, 4, 7, 5, 5]","[1, 1, 1, 1, 2, 3]",b1.csv,1,0,1
12,abstract,b1,1,7,6,"[3, 3, 5, 5, 5, 5]","[2, 1, 2, 2, 1, 5]",b1.csv,0,0,0
12,abstract,b1,1,8,6,"[3, 2, 3, 1, 5, 5]","[1, 1, 3, 3, 5, 4]",b1.csv,2,0,2
12,abstract,b1,1,9,6,"[3, 3, 5, 5, 5, 5]","[1, 1, 2, 5, 2, 1]",b1.csv,4,0,4
12,abstract,b1,1,10,6,"[3, 3, 5, 5, 5, 5]","[1, 2, 5, 2, 2, 4]",b1.csv,3,0,3
12,abstract,b1,1,11,6,"[3, 3, 5, 3, 5, 6]","[1, 1, 2, 2, 2, 1]",b1.csv,2,0,2
28,abstract,b1,1,2,6,"[3, 3, 3, 5, 6, 2]","[2, 3, 5, 1, 3, 2]",b1.csv,2,0,2
28,abstract,b1,1,3,6,"[4, 4, 6, 5, 6, 6]","[2, 1, 2, 5, 4, 1]",b1.csv,2,0,2
28,abstract,b1,1,4,6,"[3, 3, 5, 5, 5, 5]","[2, 2, 2, 2, 1, 3]",b1.csv,1,0,1
28,abstract,b1,1,5,6,"[3, 3, 5, 5, 5, 5]","[2, 1, 2, 5, 2, 2]",b1.csv,4,0,4
28,abstract,b1,1,6,6,"[1, 3, 5, 7, 5, 5]","[1, 3, 5, 7, 5, 5]",b1.csv,0,0,0
28,abstract,b1,1,7,6,"[3, 3, 5, 5, 5, 5]","[2, 1, 3, 2, 1, 5]",b1.csv,1,0,1
28,abstract,b1,1,8,6,"[3, 2, 5, 5, 5, 5]","[1, 1, 3, 3, 4, 4]",b1.csv,2,0,2
28,abstract,b1,1,9,6,"[3, 3, 5, 5, 5, 5]","[1, 1, 1, 5, 1, 3]",b1.csv,1,0,1
28,abstract,b1,1,10,6,"[3, 3, 5, 5, 5, 5]","[2, 2, 5, 5, 5, 5]",b1.csv,0,0,0
28,abstract,b1,1,11,6,"[3, 1, 1, 5, 1, 6]","[3, 1, 1, 5, 1, 6]",b1.csv,0,0,0
19,abstract,b1,1,2,6,"[1, 1, 3, 1, 6, 6]","[1, 1, 3, 1, 1, 2]",b1.csv,2,2,0
19,abstract,b1,1,3,6,"[4, 1, 2, 5, 2, 1]","[2, 1, 2, 1, 2, 1]",b1.csv,2,2,0
19,abstract,b1,1,4,6,"[1, 1, 2, 5, 5, 5]","[1, 1, 2, 2, 1, 2]",b1.csv,4,3,1
19,abstract,b1,1,5,6,"[3, 3, 5, 3, 5, 5]","[1, 1, 2, 3, 2, 2]",b1.csv,5,0,5
19,abstract,b1,1,6,6,"[1, 3, 5, 7, 5, 5]","[1, 3, 2, 4, 2, 2]",b1.csv,1,0,1
19,abstract,b1,1,7,6,"[1, 3, 5, 1, 5, 5]","[1, 1, 2, 1, 1, 3]",b1.csv,1,1,0
19,abstract,b1,1,8,6,"[3, 2, 3, 3, 5, 5]","[1, 1, 3, 3, 2, 4]",b1.csv,3,0,3
19,abstract,b1,1,9,6,"[3, 3, 5, 5, 5, 5]","[1, 1, 2, 2, 2, 5]",b1.csv,4,0,4
19,abstract,b1,1,10,6,"[3, 3, 5, 5, 5, 5]","[1, 1, 2, 3, 5, 3]",b1.csv,3,0,3
19,abstract,b1,1,11,6,"[3, 3, 5, 5, 2, 6]","[1, 1, 2, 2, 2, 1]",b1.csv,2,0,2
10,abstract,b1,1,2,6,"[1, 1, 2, 3, 6, 2]","[1, 2, 2, 1, 2, 2]",b1.csv,3,2,1
10,abstract,b1,1,3,6,"[4, 1, 2, 5, 2, 1]","[2, 1, 2, 5, 2, 6]",b1.csv,2,2,0
10,abstract,b1,1,4,6,"[1, 1, 5, 5, 5, 5]","[1, 1, 2, 2, 1, 5]",b1.csv,3,2,1
10,abstract,b1,1,5,6,"[3, 3, 5, 5, 5, 5]","[1, 1, 2, 5, 2, 2]",b1.csv,5,0,5
10,abstract,b1,1,6,6,"[3, 3, 5, 7, 5, 5]","[1, 1, 5, 7, 1, 2]",b1.csv,2,0,2
10,abstract,b1,1,7,6,"[3, 3, 5, 5, 5, 5]","[3, 2, 5, 2, 5, 5]",b1.csv,1,0,1
10,abstract,b1,1,8,6,"[3, 2, 2, 5, 5, 5]","[3, 2, 3, 5, 5, 5]",b1.csv,0,1,-1
10,abstract,b1,1,9,6,"[3, 3, 5, 5, 5, 5]","[3, 1, 5, 5, 2, 5]",b1.csv,1,0,1
10,abstract,b1,1,10,6,"[3, 3, 5, 5, 5, 5]","[3, 3, 2, 5, 5, 4]",b1.csv,1,0,1
10,abstract,b1,1,11,6,"[3, 3, 5, 5, 5, 6]","[3, 1, 2, 2, 2, 1]",b1.csv,1,0,1
16,abstract,b1,1,2,6,"[1, 1, 2, 5, 6, 2]","[1, 1, 2, 1, 2, 2]",b1.csv,4,2,2
16,abstract,b1,1,3,6,"[2, 1, 2, 4, 2, 1]","[2, 1, 2, 4, 2, 1]",b1.csv,2,2,0
16,abstract,b1,1,4,6,"[3, 3, 5, 5, 5, 5]","[1, 1, 2, 2, 1, 2]",b1.csv,4,0,4
16,abstract,b1,1,5,6,"[3, 3, 5, 5, 5, 5]","[1, 1, 2, 3, 2, 2]",b1.csv,5,0,5
16,abstract,b1,1,6,6,"[3, 3, 5, 7, 5, 5]","[1, 1, 4, 7, 2, 5]",b1.csv,1,0,1
16,abstract,b1,1,7,6,"[3, 3, 5, 5, 5, 5]","[2, 1, 2, 2, 1, 5]",b1.csv,0,0,0
16,abstract,b1,1,8,6,"[3, 2, 3, 5, 5, 5]","[1, 1, 3, 3, 2, 4]",b1.csv,3,0,3
16,abstract,b1,1,9,6,"[3, 3, 5, 5, 5, 5]","[1, 1, 2, 2, 5, 5]",b1.csv,3,0,3
16,abstract,b1,1,10,6,"[3, 3, 5, 5, 5, 5]","[3, 2, 2, 5, 2, 4]",b1.csv,2,0,2
16,abstract,b1,1,11,6,"[3, 3, 5, 5, 4, 6]","[1, 1, 2, 2, 2, 1]",b1.csv,2,0,2
3,abstract,b2,2,12,6,"[2, 1, 3, 2, 3, 3]","[1, 1, 3, 2, 3, 3]",b2.csv,1,0,1
3,abstract,b2,2,13,6,"[1, 1, 2, 1, 2, 1]","[1, 2, 2, 1, 2, 2]",b2.csv,1,1,0
3,abstract,b2,2,14,6,"[2, 1, 3, 1, 3, 2]","[2, 1, 3, 2, 3, 2]",b2.csv,5,5,0
3,abstract,b2,2,15,6,"[2, 1, 2, 2, 2, 3]","[2, 1, 3, 2, 2, 2]",b2.csv,1,3,-2
3,abstract,b2,2,16,6,"[1, 1, 2, 2, 2, 3]","[2, 1, 2, 2, 2, 3]",b2.csv,3,2,1
3,abstract,b2,2,17,6,"[2, 1, 3, 2, 4, 4]","[1, 1, 4, 2, 2, 2]",b2.csv,3,2,1
3,abstract,b2,2,18,6,"[1, 1, 2, 2, 4, 2]","[1, 1, 2, 2, 2, 2]",b2.csv,3,2,1
3,abstract,b2,2,19,6,"[1, 1, 3, 4, 4, 2]","[1, 2, 2, 3, 2, 2]",b2.csv,5,2,3
3,abstract,b2,2,20,6,"[1, 1, 3, 2, 3, 1]","[1, 2, 2, 4, 3, 1]",b2.csv,2,3,-1
3,abstract,b2,2,21,6,"[1, 1, 3, 2, 3, 2]","[1, 1, 3, 2, 2, 2]",b2.csv,3,4,-1
1,abstract,b2,2,12,6,"[1, 2, 5, 4, 4, 2]","[1, 2, 4, 4, 4, 2]",b2.csv,3,3,0
1,abstract,b2,2,13,6,"[2, 1, 4, 5, 3, 5]","[1, 1, 3, 1, 2, 2]",b2.csv,3,3,0
1,abstract,b2,2,14,6,"[2, 1, 4, 1, 1, 2]","[1, 1, 3, 2, 4, 2]",b2.csv,3,3,0
1,abstract,b2,2,15,6,"[1, 1, 4, 2, 3, 1]","[1, 1, 2, 3, 3, 4]",b2.csv,3,3,0
1,abstract,b2,2,16,6,"[3, 3, 5, 5, 5, 5]","[1, 2, 2, 4, 4, 2]",b2.csv,1,0,1
1,abstract,b2,2,17,6,"[1, 3, 2, 1, 3, 4]","[2, 1, 3, 3, 2, 4]",b2.csv,3,2,1
1,abstract,b2,2,18,6,"[1, 1, 3, 1, 4, 4]","[1, 1, 2, 1, 4, 4]",b2.csv,1,2,-1
1,abstract,b2,2,19,6,"[3, 3, 5, 5, 5, 5]","[2, 1, 3, 2, 2, 2]",b2.csv,1,0,1
1,abstract,b2,2,20,6,"[2, 2, 5, 3, 5, 5]","[1, 2, 2, 3, 3, 3]",b2.csv,2,0,2
1,abstract,b2,2,21,6,"[1, 1, 1, 1, 4, 1]","[1, 1, 1, 1, 2, 2]",b2.csv,1,1,0
2,abstract,b2,2,12,6,"[2, 1, 3, 3, 2, 2]","[1, 1, 3, 3, 1, 3]",b2.csv,1,2,-1
2,abstract,b2,2,13,6,"[1, 1, 2, 1, 2, 2]","[1, 1, 2, 1, 2, 3]",b2.csv,1,2,-1
2,abstract,b2,2,14,6,"[3, 1, 1, 1, 3, 2]","[2, 1, 3, 2, 3, 2]",b2.csv,5,3,2
2,abstract,b2,2,15,6,"[2, 2, 1, 5, 2, 4]","[2, 1, 1, 3, 4, 2]",b2.csv,0,1,-1
2,abstract,b2,2,16,6,"[3, 1, 2, 2, 5, 3]","[1, 1, 2, 3, 2, 3]",b2.csv,3,1,2
2,abstract,b2,2,17,6,"[2, 1, 2, 1, 2, 3]","[2, 2, 2, 3, 2, 4]",b2.csv,1,1,0
2,abstract,b2,2,18,6,"[1, 2, 3, 5, 3, 1]","[1, 4, 3, 3, 3, 2]",b2.csv,1,1,0
2,abstract,b2,2,19,6,"[2, 1, 3, 2, 2, 3]","[2, 1, 3, 2, 2, 3]",b2.csv,0,0,0
2,abstract,b2,2,20,6,"[1, 2, 5, 1, 3, 1]","[1, 2, 2, 3, 3, 3]",b2.csv,2,1,1
2,abstract,b2,2,21,6,"[1, 1, 3, 2, 2, 2]","[2, 1, 3, 2, 3, 2]",b2.csv,5,3,2
4,abstract,b2,2,12,6,"[3, 3, 5, 5, 5, 5]","[1, 1, 3, 5, 3, 3]",b2.csv,1,0,1
4,abstract,b2,2,13,6,"[4, 4, 5, 5, 5, 5]","[1, 2, 2, 1, 2, 2]",b2.csv,1,0,1
4,abstract,b2,2,14,6,"[3, 3, 5, 5, 5, 2]","[2, 1, 5, 2, 3, 2]",b2.csv,4,1,3
4,abstract,b2,2,15,6,"[3, 3, 5, 5, 5, 5]","[1, 1, 3, 3, 2, 3]",b2.csv,2,0,2
4,abstract,b2,2,16,6,"[3, 3, 2, 5, 5, 3]","[1, 1, 2, 2, 3, 3]",b2.csv,1,1,0
4,abstract,b2,2,17,6,"[3, 3, 5, 5, 5, 5]","[2, 2, 3, 4, 5, 3]",b2.csv,1,0,1
4,abstract,b2,2,18,6,"[3, 2, 3, 5, 5, 5]","[1, 2, 3, 3, 5, 2]",b2.csv,1,1,0
4,abstract,b2,2,19,6,"[3, 3, 5, 5, 5, 5]","[2, 1, 3, 2, 2, 3]",b2.csv,0,0,0
4,abstract,b2,2,20,6,"[3, 3, 5, 5, 5, 5]","[1, 2, 2, 3, 3, 2]",b2.csv,3,0,3
4,abstract,b2,2,21,6,"[3, 3, 5, 5, 5, 5]","[1, 1, 3, 2, 2, 2]",b2.csv,3,0,3
11,abstract,b2,2,12,6,"[3, 3, 5, 2, 5, 5]","[1, 1, 3, 2, 3, 3]",b2.csv,1,0,1
11,abstract,b2,2,13,6,"[4, 4, 2, 5, 5, 5]","[1, 2, 2, 1, 2, 2]",b2.csv,1,0,1
11,abstract,b2,2,14,6,"[3, 1, 5, 5, 5, 5]","[1, 1, 3, 2, 3, 2]",b2.csv,4,1,3
11,abstract,b2,2,15,6,"[2, 3, 5, 5, 5, 5]","[2, 2, 3, 3, 2, 3]",b2.csv,2,0,2
11,abstract,b2,2,16,6,"[3, 3, 2, 5, 5, 5]","[1, 1, 2, 1, 5, 5]",b2.csv,0,0,0
11,abstract,b2,2,17,6,"[3, 3, 5, 5, 5, 5]","[1, 2, 4, 3, 1, 4]",b2.csv,2,0,2
11,abstract,b2,2,18,6,"[3, 2, 5, 2, 5, 5]","[1, 1, 3, 3, 2, 4]",b2.csv,3,1,2
11,abstract,b2,2,19,6,"[2, 3, 5, 5, 5, 5]","[2, 1, 3, 2, 2, 3]",b2.csv,0,0,0
11,abstract,b2,2,20,6,"[3, 3, 5, 5, 5, 5]","[1, 2, 2, 3, 3, 2]",b2.csv,3,0,3
11,abstract,b2,2,21,6,"[3, 3, 5, 5, 5, 5]","[1, 2, 5, 2, 2, 2]",b2.csv,1,0,1
7,abstract,b2,2,12,6,"[3, 3, 5, 5, 5, 5]","[1, 3, 3, 2, 1, 3]",b2.csv,1,0,1
7,abstract,b2,2,13,6,"[4, 4, 5, 5, 5, 5]","[1, 2, 2, 1, 5, 2]",b2.csv,1,0,1
7,abstract,b2,2,14,6,"[3, 3, 5, 5, 5, 5]","[2, 1, 3, 2, 3, 1]",b2.csv,4,0,4
7,abstract,b2,2,15,6,"[3, 3, 5, 5, 5, 5]","[2, 1, 3, 4, 2, 3]",b2.csv,1,0,1
7,abstract,b2,2,16,6,"[3, 3, 5, 5, 5, 5]","[1, 1, 3, 4, 2, 5]",b2.csv,2,0,2
7,abstract,b2,2,17,6,"[3, 3, 5, 5, 5, 5]","[1, 1, 2, 4, 2, 2]",b2.csv,3,0,3
7,abstract,b2,2,18,6,"[1, 4, 4, 3, 3, 4]","[1, 1, 4, 3, 3, 3]",b2.csv,2,0,2
7,abstract,b2,2,19,6,"[3, 1, 2, 2, 5, 5]","[2, 1, 3, 2, 5, 5]",b2.csv,0,1,-1
7,abstract,b2,2,20,6,"[3, 3, 5, 5, 5, 5]","[1, 2, 2, 1, 5, 1]",b2.csv,2,0,2
7,abstract,b2,2,21,6,"[3, 3, 5, 5, 5, 5]","[3, 3, 5, 2, 1, 1]",b2.csv,1,0,1
5,abstract,b2,2,12,6,"[3, 3, 5, 5, 5, 5]","[1, 3, 3, 2, 1, 5]",b2.csv,1,0,1
5,abstract,b2,2,13,6,"[4, 4, 5, 5, 5, 5]","[1, 4, 2, 1, 5, 5]",b2.csv,0,0,0
5,abstract,b2,2,14,6,"[3, 1, 5, 5, 5, 2]","[2, 1, 3, 5, 5, 2]",b2.csv,4,2,2
5,abstract,b2,2,15,6,"[3, 3, 5, 5, 5, 5]","[2, 3, 1, 3, 5, 4]",b2.csv,0,0,0
5,abstract,b2,2,16,6,"[3, 3, 5, 5, 5, 5]","[3, 3, 5, 5, 5, 5]",b2.csv,0,0,0
5,abstract,b2,2,17,6,"[3, 3, 5, 5, 5, 5]","[3, 3, 2, 3, 2, 5]",b2.csv,1,0,1
5,abstract,b2,2,18,6,"[3, 2, 1, 5, 5, 5]","[3, 2, 3, 3, 5, 5]",b2.csv,1,0,1
5,abstract,b2,2,19,6,"[3, 3, 5, 5, 5, 5]","[3, 1, 3, 2, 2, 3]",b2.csv,0,0,0
5,abstract,b2,2,20,6,"[3, 3, 5, 5, 5, 5]","[1, 2, 2, 2, 5, 2]",b2.csv,4,0,4
5,abstract,b2,2,21,6,"[3, 3, 5, 5, 5, 5]","[3, 1, 3, 5, 5, 5]",b2.csv,2,0,2
30,abstract,b2,2,12,6,"[1, 3, 3, 5, 1, 5]","[1, 1, 3, 2, 1, 3]",b2.csv,1,1,0
30,abstract,b2,2,13,6,"[1, 2, 5, 5, 2, 1]","[1, 1, 2, 1, 2, 2]",b2.csv,2,0,2
30,abstract,b2,2,14,6,"[3, 1, 5, 5, 5, 2]","[2, 1, 3, 2, 3, 2]",b2.csv,5,2,3
30,abstract,b2,2,15,6,"[2, 1, 1, 5, 5, 5]","[2, 1, 3, 3, 2, 3]",b2.csv,1,0,1
30,abstract,b2,2,16,6,"[3, 3, 5, 5, 5, 5]","[1, 1, 1, 4, 1, 5]",b2.csv,0,0,0
30,abstract,b2,2,17,6,"[1, 1, 5, 5, 5, 3]","[2, 2, 3, 2, 2, 3]",b2.csv,1,2,-1
30,abstract,b2,2,18,6,"[3, 2, 3, 5, 3, 5]","[1, 1, 3, 4, 3, 2]",b2.csv,2,1,1
30,abstract,b2,2,19,6,"[3, 1, 3, 2, 5, 5]","[2, 1, 3, 2, 2, 3]",b2.csv,0,0,0
30,abstract,b2,2,20,6,"[1, 3, 5, 5, 5, 2]","[1, 2, 2, 3, 3, 2]",b2.csv,3,2,1
30,abstract,b2,2,21,6,"[1, 1, 3, 2, 5, 5]","[1, 1, 3, 2, 2, 2]",b2.csv,3,3,0
25,abstract,b2,2,12,6,"[1, 1, 3, 2, 4, 1]","[1, 1, 3, 2, 1, 3]",b2.csv,1,1,0
25,abstract,b2,2,13,6,"[1, 1, 2, 1, 2, 1]","[1, 2, 2, 1, 2, 2]",b2.csv,1,1,0
25,abstract,b2,2,14,6,"[2, 1, 1, 2, 3, 2]","[2, 1, 3, 2, 3, 2]",b2.csv,5,4,1
25,abstract,b2,2,15,6,"[2, 1, 1, 2, 4, 3]","[2, 1, 1, 3, 2, 3]",b2.csv,1,2,-1
25,abstract,b2,2,16,6,"[1, 1, 2, 2, 1, 1]","[1, 1, 2, 1, 1, 2]",b2.csv,0,0,0
25,abstract,b2,2,17,6,"[2, 1, 4, 1, 3, 4]","[1, 2, 3, 3, 2, 3]",b2.csv,3,2,1
25,abstract,b2,2,18,6,"[1, 1, 1, 2, 4, 3]","[1, 1, 3, 3, 3, 2]",b2.csv,2,3,-1
25,abstract,b2,2,19,6,"[2, 1, 3, 2, 2, 4]","[2, 1, 3, 2, 2, 3]",b2.csv,0,0,0
25,abstract,b2,2,20,6,"[1, 2, 1, 2, 3, 4]","[1, 2, 2, 3, 3, 2]",b2.csv,3,2,1
25,abstract,b2,2,21,6,"[1, 1, 1, 5, 2, 2]","[1, 1, 3, 2, 1, 2]",b2.csv,3,1,2
13,abstract,b2,2,12,6,"[1, 1, 5, 5, 5, 5]","[1, 1, 3, 2, 1, 1]",b2.csv,1,1,0
13,abstract,b2,2,13,6,"[1, 1, 2, 5, 5, 5]","[1, 1, 2, 1, 5, 2]",b2.csv,2,1,1
13,abstract,b2,2,14,6,"[3, 1, 5, 5, 5, 5]","[2, 1, 3, 2, 3, 2]",b2.csv,5,1,4
13,abstract,b2,2,15,6,"[3, 2, 2, 2, 5, 3]","[1, 1, 1, 3, 2, 4]",b2.csv,1,4,-3
13,abstract,b2,2,16,6,"[3, 3, 5, 5, 5, 1]","[1, 1, 2, 4, 1, 1]",b2.csv,0,0,0
13,abstract,b2,2,17,6,"[3, 3, 5, 5, 5, 5]","[2, 1, 5, 2, 2, 3]",b2.csv,1,0,1
13,abstract,b2,2,18,6,"[3, 2, 6, 5, 5, 5]","[1, 1, 3, 3, 3, 2]",b2.csv,2,0,2
13,abstract,b2,2,19,6,"[1, 3, 5, 5, 5, 5]","[2, 1, 1, 2, 2, 5]",b2.csv,0,1,-1
13,abstract,b2,2,20,6,"[3, 3, 5, 5, 5, 5]","[1, 2, 2, 1, 3, 2]",b2.csv,3,0,3
13,abstract,b2,2,21,6,"[3, 3, 5, 5, 5, 5]","[1, 1, 3, 5, 1, 2]",b2.csv,2,0,2
21,abstract,b3,3,22,6,"[3, 3, 5, 5, 5, 5]","[3, 1, 5, 2, 5, 5]",b3.csv,2,0,2
21,abstract,b3,3,23,6,"[4, 4, 5, 5, 5, 5]","[4, 1, 2, 2, 2, 5]",b3.csv,2,0,2
21,abstract,b3,3,24,6,"[3, 3, 3, 5, 5, 5]","[1, 1, 3, 2, 5, 5]",b3.csv,3,0,3
21,abstract,b3,3,25,6,"[3, 3, 5, 5, 5, 5]","[1, 1, 5, 5, 3, 5]",b3.csv,3,0,3
21,abstract,b3,3,26,6,"[3, 3, 5, 5, 5, 5]","[1, 1, 3, 2, 5, 5]",b3.csv,1,0,1
21,abstract,b3,3,27,6,"[3, 3, 5, 3, 5, 5]","[1, 1, 2, 3, 2, 3]",b3.csv,3,1,2
21,abstract,b3,3,28,6,"[3, 2, 5, 5, 5, 5]","[2, 1, 3, 5, 2, 5]",b3.csv,2,0,2
21,abstract,b3,3,29,6,"[3, 3, 5, 5, 5, 5]","[1, 1, 3, 1, 3, 2]",b3.csv,1,0,1
21,abstract,b3,3,30,6,"[3, 1, 5, 5, 5, 5]","[2, 1, 3, 3, 5, 3]",b3.csv,3,1,2
21,abstract,b3,3,31,6,"[3, 3, 5, 5, 5, 5]","[1, 3, 3, 3, 3, 5]",b3.csv,0,0,0
18,abstract,b3,3,22,6,"[3, 3, 5, 5, 5, 5]","[3, 1, 3, 2, 3, 5]",b3.csv,2,0,2
18,abstract,b3,3,23,6,"[4, 4, 5, 5, 5, 5]","[1, 1, 2, 2, 2, 2]",b3.csv,3,0,3
18,abstract,b3,3,24,6,"[3, 3, 5, 5, 5, 5]","[1, 1, 3, 2, 3, 5]",b3.csv,4,0,4
18,abstract,b3,3,25,6,"[3, 3, 5, 5, 5, 5]","[1, 1, 1, 5, 3, 5]",b3.csv,3,0,3
18,abstract,b3,3,26,6,"[3, 3, 5, 5, 5, 5]","[1, 3, 3, 5, 5, 5]",b3.csv,0,0,0
18,abstract,b3,3,27,6,"[3, 3, 5, 5, 5, 5]","[1, 2, 5, 5, 2, 3]",b3.csv,1,0,1
18,abstract,b3,3,28,6,"[3, 2, 5, 5, 5, 5]","[1, 2, 3, 3, 4, 1]",b3.csv,2,0,2
18,abstract,b3,3,29,6,"[3, 3, 5, 5, 5, 5]","[3, 1, 5, 5, 3, 2]",b3.csv,1,0,1
18,abstract,b3,3,30,6,"[3, 3, 5, 5, 5, 5]","[2, 1, 2, 3, 1, 3]",b3.csv,4,0,4
18,abstract,b3,3,31,6,"[3, 3, 5, 5, 5, 5]","[1, 1, 1, 3, 3, 2]",b3.csv,0,0,0
20,abstract,b3,3,22,6,"[3, 3, 5, 5, 3, 5]","[3, 3, 3, 5, 3, 5]",b3.csv,0,0,0
20,abstract,b3,3,23,6,"[4, 4, 5, 5, 5, 5]","[1, 2, 2, 2, 2, 2]",b3.csv,2,0,2
20,abstract,b3,3,24,6,"[1, 3, 5, 5, 5, 5]","[1, 1, 5, 2, 5, 3]",b3.csv,4,1,3
20,abstract,b3,3,25,6,"[3, 3, 5, 5, 5, 5]","[1, 1, 1, 2, 3, 3]",b3.csv,5,0,5
20,abstract,b3,3,26,6,"[3, 3, 5, 5, 5, 5]","[1, 2, 3, 2, 1, 5]",b3.csv,0,0,0
20,abstract,b3,3,27,6,"[3, 3, 5, 5, 5, 5]","[1, 1, 2, 5, 2, 3]",b3.csv,2,0,2
20,abstract,b3,3,28,6,"[3, 2, 5, 5, 5, 5]","[3, 1, 5, 3, 5, 5]",b3.csv,1,0,1
20,abstract,b3,3,29,6,"[3, 3, 5, 5, 5, 5]","[1, 1, 3, 1, 3, 2]",b3.csv,1,0,1
20,abstract,b3,3,30,6,"[2, 1, 5, 3, 1, 3]","[2, 1, 5, 3, 1, 3]",b3.csv,3,3,0
20,abstract,b3,3,31,6,"[3, 3, 5, 5, 5, 5]","[1, 2, 3, 3, 3, 1]",b3.csv,0,0,0
27,abstract,b3,3,22,6,"[3, 3, 5, 5, 5, 5]","[3, 1, 3, 5, 5, 5]",b3.csv,1,0,1
27,abstract,b3,3,23,6,"[4, 4, 5, 5, 5, 5]","[4, 1, 2, 2, 2, 5]",b3.csv,2,0,2
27,abstract,b3,3,24,6,"[3, 3, 5, 5, 5, 5]","[1, 1, 3, 2, 2, 5]",b3.csv,3,0,3
27,abstract,b3,3,25,6,"[3, 3, 5, 5, 5, 5]","[1, 1, 1, 5, 3, 1]",b3.csv,3,0,3
27,abstract,b3,3,26,6,"[3, 3, 5, 5, 5, 5]","[1, 1, 3, 2, 4, 5]",b3.csv,1,0,1
27,abstract,b3,3,27,6,"[3, 3, 5, 5, 5, 5]","[1, 1, 2, 5, 2, 3]",b3.csv,2,0,2
27,abstract,b3,3,28,6,"[3, 2, 5, 5, 5, 5]","[1, 1, 3, 3, 4, 2]",b3.csv,4,0,4
27,abstract,b3,3,29,6,"[3, 3, 5, 5, 5, 5]","[1, 1, 3, 1, 3, 5]",b3.csv,1,0,1
27,abstract,b3,3,30,6,"[3, 3, 5, 5, 5, 5]","[2, 1, 2, 3, 1, 3]",b3.csv,4,0,4
27,abstract,b3,3,31,6,"[3, 3, 5, 5, 5, 5]","[1, 1, 3, 3, 3, 2]",b3.csv,0,0,0
6,abstract,b3,3,22,6,"[3, 3, 2, 5, 5, 5]","[3, 3, 3, 2, 3, 5]",b3.csv,1,1,0
6,abstract,b3,3,23,6,"[4, 4, 5, 5, 5, 5]","[1, 1, 2, 2, 2, 5]",b3.csv,3,0,3
6,abstract,b3,3,24,6,"[3, 3, 5, 5, 5, 5]","[1, 3, 5, 2, 5, 3]",b3.csv,3,0,3
6,abstract,b3,3,25,6,"[3, 3, 5, 5, 5, 5]","[1, 3, 1, 5, 3, 5]",b3.csv,2,0,2
6,abstract,b3,3,26,6,"[3, 3, 5, 2, 3, 5]","[1, 1, 3, 2, 3, 5]",b3.csv,1,0,1
6,abstract,b3,3,27,6,"[3, 3, 5, 5, 5, 5]","[3, 3, 2, 5, 5, 3]",b3.csv,0,0,0
6,abstract,b3,3,28,6,"[3, 2, 5, 5, 5, 5]","[1, 2, 5, 5, 4, 1]",b3.csv,1,0,1
6,abstract,b3,3,29,6,"[3, 3, 5, 5, 5, 5]","[1, 1, 5, 1, 5, 5]",b3.csv,1,0,1
6,abstract,b3,3,30,6,"[3, 1, 5, 3, 5, 3]","[2, 1, 2, 3, 1, 3]",b3.csv,4,3,1
6,abstract,b3,3,31,6,"[3, 3, 5, 5, 5, 5]","[1, 3, 3, 3, 5, 1]",b3.csv,0,0,0
17,abstract,b3,3,22,6,"[3, 2, 5, 5, 5, 5]","[3, 2, 5, 5, 5, 5]",b3.csv,0,0,0
17,abstract,b3,3,23,6,"[4, 4, 5, 5, 5, 5]","[1, 1, 2, 2, 5, 5]",b3.csv,3,0,3
17,abstract,b3,3,24,6,"[1, 3, 3, 5, 5, 5]","[1, 1, 3, 2, 5, 5]",b3.csv,3,1,2
17,abstract,b3,3,25,6,"[3, 3, 5, 5, 5, 5]","[1, 1, 5, 5, 3, 5]",b3.csv,3,0,3
17,abstract,b3,3,26,6,"[1, 1, 5, 2, 3, 5]","[1, 1, 3, 2, 3, 5]",b3.csv,1,1,0
17,abstract,b3,3,27,6,"[3, 3, 5, 2, 5, 5]","[3, 1, 5, 2, 5, 5]",b3.csv,1,0,1
17,abstract,b3,3,28,6,"[3, 2, 5, 5, 5, 5]","[3, 4, 5, 5, 5, 2]",b3.csv,1,0,1
17,abstract,b3,3,29,6,"[3, 3, 5, 5, 5, 5]","[1, 1, 5, 5, 5, 5]",b3.csv,1,0,1
17,abstract,b3,3,30,6,"[2, 1, 5, 5, 1, 3]","[2, 1, 2, 3, 1, 3]",b3.csv,4,2,2
17,abstract,b3,3,31,6,"[3, 1, 5, 5, 5, 5]","[1, 1, 5, 3, 3, 1]",b3.csv,0,0,0
24,abstract,b3,3,22,6,"[2, 1, 1, 1, 1, 1]","[2, 1, 3, 2, 3, 1]",b3.csv,2,1,1
24,abstract,b3,3,23,6,"[2, 4, 5, 2, 1, 5]","[2, 1, 2, 2, 2, 2]",b3.csv,2,1,1
24,abstract,b3,3,24,6,"[1, 1, 3, 3, 3, 3]","[1, 1, 3, 2, 3, 3]",b3.csv,5,4,1
24,abstract,b3,3,25,6,"[2, 3, 3, 5, 2, 5]","[1, 1, 2, 2, 2, 3]",b3.csv,4,1,3
24,abstract,b3,3,26,6,"[2, 3, 5, 3, 5, 5]","[2, 1, 1, 3, 5, 1]",b3.csv,3,2,1
24,abstract,b3,3,27,6,"[2, 1, 2, 4, 4, 3]","[1, 1, 2, 4, 2, 3]",b3.csv,2,2,0
24,abstract,b3,3,28,6,"[3, 2, 5, 5, 5, 5]","[1, 1, 3, 2, 4, 1]",b3.csv,3,0,3
24,abstract,b3,3,29,6,"[1, 1, 2, 1, 3, 5]","[1, 3, 2, 1, 3, 5]",b3.csv,1,2,-1
24,abstract,b3,3,30,6,"[2, 1, 3, 3, 1, 3]","[2, 1, 2, 3, 1, 3]",b3.csv,4,3,1
24,abstract,b3,3,31,6,"[1, 1, 3, 1, 4, 1]","[1, 1, 3, 3, 3, 1]",b3.csv,0,0,0
15,abstract,b3,3,22,6,"[3, 3, 5, 5, 5, 5]","[3, 3, 1, 5, 5, 5]",b3.csv,0,0,0
15,abstract,b3,3,23,6,"[4, 4, 5, 5, 5, 5]","[4, 1, 2, 2, 2, 5]",b3.csv,2,0,2
15,abstract,b3,3,24,6,"[3, 3, 5, 5, 5, 5]","[1, 2, 2, 5, 5, 5]",b3.csv,1,0,1
15,abstract,b3,3,25,6,"[3, 3, 5, 5, 2, 5]","[1, 1, 1, 2, 3, 1]",b3.csv,4,0,4
15,abstract,b3,3,26,6,"[3, 3, 5, 5, 5, 5]","[1, 1, 3, 2, 1, 5]",b3.csv,1,0,1
15,abstract,b3,3,27,6,"[3, 3, 5, 5, 5, 5]","[1, 1, 2, 5, 2, 3]",b3.csv,2,0,2
15,abstract,b3,3,28,6,"[3, 2, 5, 5, 5, 5]","[2, 2, 3, 2, 3, 4]",b3.csv,2,0,2
15,abstract,b3,3,29,6,"[3, 3, 5, 5, 5, 5]","[1, 3, 5, 3, 3, 2]",b3.csv,1,0,1
15,abstract,b3,3,30,6,"[2, 1, 4, 3, 1, 3]","[2, 1, 4, 3, 1, 3]",b3.csv,3,3,0
15,abstract,b3,3,31,6,"[3, 3, 5, 5, 5, 5]","[1, 2, 3, 3, 3, 2]",b3.csv,0,0,0
29,abstract,b3,3,22,6,"[3, 3, 5, 5, 5, 5]","[2, 1, 3, 5, 3, 5]",b3.csv,1,0,1
29,abstract,b3,3,23,6,"[4, 4, 5, 5, 5, 5]","[2, 2, 2, 2, 2, 2]",b3.csv,1,0,1
29,abstract,b3,3,24,6,"[3, 3, 5, 5, 5, 5]","[1, 1, 2, 2, 3, 5]",b3.csv,4,0,4
29,abstract,b3,3,25,6,"[3, 3, 5, 5, 5, 5]","[1, 1, 1, 5, 3, 5]",b3.csv,3,0,3
29,abstract,b3,3,26,6,"[3, 3, 5, 5, 5, 5]","[3, 1, 3, 2, 5, 5]",b3.csv,1,0,1
29,abstract,b3,3,27,6,"[3, 3, 5, 5, 5, 5]","[2, 1, 5, 5, 2, 3]",b3.csv,3,0,3
29,abstract,b3,3,28,6,"[3, 2, 5, 5, 5, 5]","[2, 1, 3, 1, 2, 1]",b3.csv,3,0,3
29,abstract,b3,3,29,6,"[3, 3, 5, 5, 5, 5]","[1, 1, 3, 5, 5, 5]",b3.csv,1,0,1
29,abstract,b3,3,30,6,"[3, 1, 5, 5, 5, 5]","[2, 1, 2, 3, 5, 3]",b3.csv,4,1,3
29,abstract,b3,3,31,6,"[3, 3, 5, 5, 5, 5]","[1, 1, 3, 3, 5, 1]",b3.csv,0,0,0
8,abstract,b3,3,22,6,"[1, 1, 1, 5, 5, 5]","[1, 3, 3, 3, 2, 1]",b3.csv,2,2,0
8,abstract,b3,3,23,6,"[4, 4, 5, 2, 5, 5]","[2, 1, 2, 2, 2, 5]",b3.csv,2,1,1
8,abstract,b3,3,24,6,"[3, 3, 5, 5, 5, 5]","[1, 1, 2, 2, 3, 3]",b3.csv,5,0,5
8,abstract,b3,3,25,6,"[3, 3, 1, 5, 5, 5]","[1, 1, 1, 1, 3, 5]",b3.csv,3,0,3
8,abstract,b3,3,26,6,"[1, 1, 3, 2, 5, 5]","[1, 1, 3, 2, 5, 5]",b3.csv,1,1,0
8,abstract,b3,3,27,6,"[3, 3, 5, 5, 5, 5]","[1, 1, 3, 5, 2, 5]",b3.csv,3,0,3
8,abstract,b3,3,28,6,"[3, 2, 5, 5, 5, 5]","[1, 1, 3, 5, 4, 1]",b3.csv,3,0,3
8,abstract,b3,3,29,6,"[3, 3, 5, 5, 5, 5]","[1, 1, 5, 5, 3, 4]",b3.csv,1,0,1
8,abstract,b3,3,30,6,"[2, 1, 5, 5, 5, 3]","[2, 1, 2, 3, 1, 3]",b3.csv,4,2,2
8,abstract,b3,3,31,6,"[3, 3, 5, 5, 5, 5]","[1, 1, 3, 3, 3, 1]",b3.csv,0,0,0
27,tweet,c1,1,2,6,"[1, 3, 1, 5, 6, 2]","[1, 3, 1, 5, 6, 2]",c1.csv,0,0,0
27,tweet,c1,1,3,6,"[4, 1, 2, 5, 2, 6]","[2, 1, 2, 5, 2, 6]",c1.csv,2,2,0
27,tweet,c1,1,4,6,"[3, 3, 5, 5, 5, 5]","[1, 1, 2, 2, 1, 2]",c1.csv,4,0,4
27,tweet,c1,1,5,6,"[1, 1, 2, 5, 5, 5]","[1, 1, 2, 5, 5, 5]",c1.csv,3,3,0
27,tweet,c1,1,6,6,"[3, 3, 5, 7, 5, 5]","[1, 3, 5, 7, 5, 5]",c1.csv,0,0,0
27,tweet,c1,1,7,6,"[3, 3, 5, 5, 5, 5]","[1, 3, 5, 5, 5, 5]",c1.csv,1,0,1
27,tweet,c1,1,8,6,"[3.0, 2.0, 4.0, 5.0, 5.0, 5.0]","[1.0, 2.0, 4.0, 5.0, 4.0, 5.0]",c1.csv,1,0,1
27,tweet,c1,1,9,6,"[1, 3, 2, 5, 5, 5]","[1, 1, 2, 5, 5, 5]",c1.csv,2,2,0
27,tweet,c1,1,10,6,"[3, 3, 5, 5, 5, 5]","[3, 3, 2, 5, 5, 5]",c1.csv,1,0,1
27,tweet,c1,1,11,6,"[3, 3, 5, 5, 5, 6]","[1, 1, 5, 2, 5, 6]",c1.csv,2,0,2
21,tweet,c1,1,2,6,"[3, 1, 2, 2, 6, 2]","[3, 1, 2, 2, 6, 6]",c1.csv,2,2,0
21,tweet,c1,1,3,6,"[4, 4, 6, 5, 6, 6]","[2, 1, 2, 5, 2, 6]",c1.csv,2,0,2
21,tweet,c1,1,4,6,"[1, 3, 5, 5, 5, 5]","[1, 1, 5, 2, 5, 5]",c1.csv,2,1,1
21,tweet,c1,1,5,6,"[1, 3, 2, 5, 5, 5]","[1, 3, 2, 5, 5, 5]",c1.csv,2,2,0
21,tweet,c1,1,6,6,"[3, 3, 5, 7, 5, 5]","[3, 3, 5, 7, 5, 5]",c1.csv,0,0,0
21,tweet,c1,1,7,6,"[3, 3, 5, 5, 5, 5]","[3, 3, 5, 5, 5, 5]",c1.csv,0,0,0
21,tweet,c1,1,8,6,"[3.0, 2.0, 5.0, 3.0, 5.0, 5.0]","[1.0, 2.0, 5.0, 3.0, 5.0, 5.0]",c1.csv,1,0,1
21,tweet,c1,1,9,6,"[3, 3, 5, 5, 5, 5]","[1, 3, 5, 5, 5, 5]",c1.csv,1,0,1
21,tweet,c1,1,10,6,"[1, 3, 5, 5, 5, 5]","[1, 3, 5, 5, 5, 5]",c1.csv,1,1,0
21,tweet,c1,1,11,6,"[3, 3, 5, 5, 5, 6]","[1, 1, 5, 2, 5, 6]",c1.csv,2,0,2
18,tweet,c1,1,2,6,"[3, 3, 5, 5, 6, 6]","[1, 1, 5, 5, 6, 6]",c1.csv,1,0,1
18,tweet,c1,1,3,6,"[2, 1, 2, 5, 2, 1]","[2, 1, 2, 5, 2, 1]",c1.csv,2,2,0
18,tweet,c1,1,4,6,"[3, 3, 5, 5, 5, 5]","[1, 1, 2, 2, 5, 2]",c1.csv,4,0,4
18,tweet,c1,1,5,6,"[3, 3, 5, 5, 5, 5]","[1, 1, 5, 5, 2, 5]",c1.csv,3,0,3
18,tweet,c1,1,6,6,"[3, 3, 5, 7, 5, 5]","[3, 3, 5, 7, 5, 5]",c1.csv,0,0,0
18,tweet,c1,1,7,6,"[3, 3, 5, 5, 5, 5]","[3, 3, 5, 5, 5, 5]",c1.csv,0,0,0
18,tweet,c1,1,8,6,"[3.0, 2.0, 3.0, 5.0, 5.0, 5.0]","[1.0, 2.0, 3.0, 5.0, 5.0, 5.0]",c1.csv,1,0,1
18,tweet,c1,1,9,6,"[3, 3, 5, 5, 5, 5]","[3, 1, 5, 5, 5, 5]",c1.csv,0,0,0
18,tweet,c1,1,10,6,"[3, 3, 5, 5, 5, 5]","[3, 3, 5, 5, 5, 5]",c1.csv,0,0,0
18,tweet,c1,1,11,6,"[3, 3, 5, 5, 5, 6]","[1, 1, 5, 2, 5, 6]",c1.csv,2,0,2
20,tweet,c1,1,2,6,"[3, 3, 5, 5, 6, 6]","[3, 3, 5, 5, 6, 2]",c1.csv,0,0,0
20,tweet,c1,1,3,6,"[4, 1, 2, 5, 2, 1]","[2, 1, 2, 5, 2, 1]",c1.csv,2,2,0
20,tweet,c1,1,4,6,"[3, 3, 5, 5, 5, 5]","[1, 3, 5, 2, 1, 2]",c1.csv,2,0,2
20,tweet,c1,1,5,6,"[3, 3, 5, 5, 5, 5]","[1, 3, 2, 5, 5, 2]",c1.csv,3,0,3
20,tweet,c1,1,6,6,"[3, 3, 5, 7, 5, 5]","[3, 3, 5, 4, 5, 2]",c1.csv,0,0,0
20,tweet,c1,1,7,6,"[3, 3, 5, 5, 5, 5]","[3, 3, 5, 5, 5, 5]",c1.csv,0,0,0
20,tweet,c1,1,8,6,"[3.0, 2.0, 5.0, 5.0, 5.0, 5.0]","[1.0, 2.0, 4.0, 5.0, 5.0, 2.0]",c1.csv,1,0,1
20,tweet,c1,1,9,6,"[3, 3, 5, 5, 5, 5]","[3, 3, 5, 5, 5, 5]",c1.csv,0,0,0
20,tweet,c1,1,10,6,"[3, 3, 5, 5, 5, 5]","[3, 3, 2, 5, 4, 2]",c1.csv,1,0,1
20,tweet,c1,1,11,6,"[3, 3, 5, 5, 5, 3]","[1, 1, 5, 2, 2, 3]",c1.csv,3,1,2
6,tweet,c1,1,2,6,"[1, 3, 5, 5, 6, 2]","[1, 1, 4, 5, 6, 2]",c1.csv,1,0,1
6,tweet,c1,1,3,6,"[2, 1, 2, 5, 2, 1]","[2, 1, 2, 5, 2, 1]",c1.csv,2,2,0
6,tweet,c1,1,4,6,"[3, 3, 5, 5, 5, 5]","[1, 1, 5, 2, 1, 2]",c1.csv,3,0,3
6,tweet,c1,1,5,6,"[3, 3, 5, 3, 5, 5]","[1, 1, 2, 3, 2, 2]",c1.csv,5,0,5
6,tweet,c1,1,6,6,"[3, 3, 5, 7, 5, 5]","[1, 1, 1, 4, 1, 5]",c1.csv,2,0,2
6,tweet,c1,1,7,6,"[3, 3, 5, 5, 5, 5]","[1, 1, 2, 5, 1, 1]",c1.csv,1,0,1
6,tweet,c1,1,8,6,"[3.0, 2.0, 6.0, 5.0, 5.0, 5.0]","[1.0, 4.0, 3.0, 3.0, 2.0, 2.0]",c1.csv,2,0,2
6,tweet,c1,1,9,6,"[3, 3, 5, 5, 5, 5]","[1, 3, 5, 5, 5, 5]",c1.csv,1,0,1
6,tweet,c1,1,10,6,"[3, 3, 5, 5, 5, 5]","[3, 3, 5, 5, 5, 5]",c1.csv,0,0,0
6,tweet,c1,1,11,6,"[3, 3, 5, 5, 5, 6]","[1, 1, 5, 2, 5, 6]",c1.csv,2,0,2
17,tweet,c1,1,2,6,"[3, 3, 5, 5, 6, 2]","[3, 3, 5, 5, 6, 2]",c1.csv,0,0,0
17,tweet,c1,1,3,6,"[4, 1, 2, 5, 2, 1]","[2, 1, 2, 5, 2, 1]",c1.csv,2,2,0
17,tweet,c1,1,4,6,"[3, 3, 5, 5, 5, 5]","[1, 3, 5, 2, 5, 5]",c1.csv,1,0,1
17,tweet,c1,1,5,6,"[3, 3, 5, 5, 5, 5]","[3, 3, 5, 5, 5, 5]",c1.csv,0,0,0
17,tweet,c1,1,6,6,"[3, 3, 5, 7, 5, 5]","[3, 3, 5, 7, 5, 5]",c1.csv,0,0,0
17,tweet,c1,1,7,6,"[3, 3, 5, 5, 5, 5]","[3, 3, 5, 5, 5, 3]",c1.csv,0,0,0
17,tweet,c1,1,8,6,"[3.0, 2.0, 6.0, 5.0, 5.0, 2.0]","[1.0, 2.0, 4.0, 5.0, 5.0, 2.0]",c1.csv,1,0,1
17,tweet,c1,1,9,6,"[3, 3, 5, 5, 5, 5]","[3, 1, 5, 5, 5, 5]",c1.csv,0,0,0
17,tweet,c1,1,10,6,"[3, 2, 5, 5, 5, 5]","[3, 3, 5, 5, 5, 5]",c1.csv,0,0,0
17,tweet,c1,1,11,6,"[3, 3, 5, 5, 2, 6]","[1, 2, 5, 2, 2, 6]",c1.csv,3,0,3
29,tweet,c1,1,2,6,"[3, 3, 5, 5, 6, 6]","[3, 3, 5, 5, 6, 6]",c1.csv,0,0,0
29,tweet,c1,1,3,6,"[4, 4, 6, 5, 6, 6]","[4, 4, 2, 5, 6, 6]",c1.csv,1,0,1
29,tweet,c1,1,4,6,"[3, 3, 5, 5, 5, 5]","[1, 3, 5, 2, 5, 5]",c1.csv,1,0,1
29,tweet,c1,1,5,6,"[3, 3, 5, 5, 5, 5]","[3, 3, 5, 5, 5, 5]",c1.csv,0,0,0
29,tweet,c1,1,6,6,"[3, 3, 5, 7, 5, 5]","[3, 3, 5, 7, 5, 5]",c1.csv,0,0,0
29,tweet,c1,1,7,6,"[3, 3, 5, 5, 5, 5]","[3, 3, 5, 5, 5, 5]",c1.csv,0,0,0
29,tweet,c1,1,8,6,"[3.0, 2.0, 6.0, 5.0, 5.0, 5.0]","[1.0, 2.0, 5.0, 5.0, 5.0, nan]",c1.csv,1,0,1
29,tweet,c1,1,9,6,"[3, 3, 5, 5, 5, 5]","[3, 3, 5, 5, 5, 5]",c1.csv,0,0,0
29,tweet,c1,1,10,6,"[3, 3, 5, 5, 5, 5]","[3, 3, 5, 5, 5, 5]",c1.csv,0,0,0
29,tweet,c1,1,11,6,"[3, 3, 5, 5, 5, 6]","[1, 1, 5, 2, 5, 6]",c1.csv,2,0,2
24,tweet,c1,1,2,6,"[2, 1, 4, 2, 6, 2]","[2, 1, 4, 2, 1, 2]",c1.csv,2,2,0
24,tweet,c1,1,3,6,"[4, 1, 6, 2, 2, 4]","[2, 2, 2, 1, 6, 1]",c1.csv,1,2,-1
24,tweet,c1,1,4,6,"[1, 1, 1, 3, 3, 2]","[1, 1, 1, 2, 3, 2]",c1.csv,3,4,-1
24,tweet,c1,1,5,6,"[1, 2, 5, 3, 5, 2]","[1, 1, 2, 3, 2, 2]",c1.csv,5,2,3
24,tweet,c1,1,6,6,"[3, 3, 1, 4, 5, 2]","[1, 2, 1, 4, 2, 2]",c1.csv,0,0,0
24,tweet,c1,1,7,6,"[2, 1, 2, 5, 3, 3]","[2, 1, 2, 2, 3, 1]",c1.csv,0,0,0
24,tweet,c1,1,8,6,"[1.0, 2.0, 6.0, 1.0, 5.0, 5.0]","[1.0, 1.0, 2.0, 3.0, 3.0, 2.0]",c1.csv,3,1,2
24,tweet,c1,1,9,6,"[1, 3, 3, 5, 3, 5]","[1, 1, 2, 1, 4, 2]",c1.csv,2,1,1
24,tweet,c1,1,10,6,"[3, 3, 3, 4, 5, 1]","[1, 1, 3, 2, 2, 4]",c1.csv,4,1,3
24,tweet,c1,1,11,6,"[1, 2, 3, 1, 3, 2]","[1, 1, 3, 3, 2, 2]",c1.csv,2,4,-2
15,tweet,c1,1,2,6,"[1, 1, 2, 2, 2, 2]","[1, 3, 2, 1, 2, 2]",c1.csv,3,3,0
15,tweet,c1,1,3,6,"[4, 4, 6, 5, 6, 6]","[2, 1, 2, 2, 2, 1]",c1.csv,3,0,3
15,tweet,c1,1,4,6,"[3, 3, 3, 1, 1, 5]","[1, 1, 3, 2, 1, 2]",c1.csv,3,0,3
15,tweet,c1,1,5,6,"[1, 3, 5, 5, 5, 5]","[1, 1, 2, 5, 2, 2]",c1.csv,5,1,4
15,tweet,c1,1,6,6,"[3, 3, 5, 4, 5, 5]","[3, 1, 5, 7, 5, 5]",c1.csv,1,0,1
15,tweet,c1,1,7,6,"[3, 3, 5, 5, 5, 5]","[3, 3, 5, 5, 1, 5]",c1.csv,0,0,0
15,tweet,c1,1,8,6,"[3.0, 2.0, 6.0, 5.0, 5.0, 5.0]","[1.0, 2.0, 5.0, 5.0, 5.0, 2.0]",c1.csv,1,0,1
15,tweet,c1,1,9,6,"[3, 3, 5, 5, 5, 5]","[1, 3, 2, 5, 5, 5]",c1.csv,2,0,2
15,tweet,c1,1,10,6,"[3, 3, 5, 5, 5, 5]","[3, 3, 5, 5, 5, 5]",c1.csv,0,0,0
15,tweet,c1,1,11,6,"[3, 3, 5, 5, 5, 6]","[1, 1, 3, 2, 5, 6]",c1.csv,3,0,3
8,tweet,c1,1,2,6,"[3, 1, 3, 5, 1, 2]","[1, 1, 2, 5, 6, 2]",c1.csv,2,1,1
8,tweet,c1,1,3,6,"[4, 4, 6, 5, 6, 6]","[2, 4, 2, 5, 6, 1]",c1.csv,1,0,1
8,tweet,c1,1,4,6,"[3, 3, 1, 5, 5, 5]","[1, 1, 2, 2, 1, 2]",c1.csv,4,0,4
8,tweet,c1,1,5,6,"[3, 3, 2, 5, 5, 5]","[1, 1, 2, 5, 5, 2]",c1.csv,4,1,3
8,tweet,c1,1,6,6,"[3, 3, 5, 7, 5, 5]","[3, 3, 5, 7, 5, 5]",c1.csv,0,0,0
8,tweet,c1,1,7,6,"[3, 3, 5, 5, 2, 5]","[3, 3, 3, 5, 1, 1]",c1.csv,1,1,0
8,tweet,c1,1,8,6,"[3.0, 2.0, 6.0, 5.0, 2.0, 4.0]","[1.0, 1.0, 5.0, 3.0, 4.0, 2.0]",c1.csv,2,1,1
8,tweet,c1,1,9,6,"[3, 3, 5, 5, 2, 5]","[1, 1, 5, 5, 5, 5]",c1.csv,1,1,0
8,tweet,c1,1,10,6,"[3, 3, 5, 5, 5, 5]","[3, 3, 5, 5, 4, 5]",c1.csv,0,0,0
8,tweet,c1,1,11,6,"[3, 3, 5, 5, 5, 6]","[1, 1, 5, 2, 5, 6]",c1.csv,2,0,2
9,tweet,c2,2,12,6,"[1, 1, 5, 2, 1, 5]","[1, 1, 3, 2, 1, 5]",c2.csv,1,1,0
9,tweet,c2,2,13,6,"[4, 4, 5, 5, 2, 3]","[1, 1, 2, 1, 2, 3]",c2.csv,1,0,1
9,tweet,c2,2,14,6,"[3, 1, 4, 1, 5, 5]","[1, 1, 1, 2, 3, 2]",c2.csv,3,1,2
9,tweet,c2,2,15,6,"[3, 1, 1, 1, 4, 1]","[1, 1, 1, 1, 2, 3]",c2.csv,2,0,2
9,tweet,c2,2,16,6,"[3, 3, 5, 5, 5, 5]","[3, 3, 5, 4, 1, 5]",c2.csv,0,0,0
9,tweet,c2,2,17,6,"[2, 3, 5, 5, 5, 5]","[3, 3, 1, 1, 3, 5]",c2.csv,1,0,1
9,tweet,c2,2,18,6,"[3.0, 2.0, 2.0, 5.0, 5.0, 5.0]","[3.0, 2.0, 2.0, 3.0, 3.0, 2.0]",c2.csv,0,0,0
9,tweet,c2,2,19,6,"[3, 3, 5, 5, 5, 5]","[1, 1, 3, 5, 1, 2]",c2.csv,2,0,2
9,tweet,c2,2,20,6,"[3, 3, 5, 5, 5, 5]","[1, 2, 2, 4, 3, 2]",c2.csv,3,0,3
9,tweet,c2,2,21,6,"[1, 1, 5, 5, 5, 5]","[1, 1, 3, 1, 2, 2]",c2.csv,2,1,1
14,tweet,c2,2,12,6,"[1, 3, 5, 2, 5, 5]","[1, 3, 3, 2, 5, 5]",c2.csv,1,1,0
14,tweet,c2,2,13,6,"[4, 1, 2, 1, 1, 1]","[1, 1, 1, 1, 1, 1]",c2.csv,1,1,0
14,tweet,c2,2,14,6,"[3, 1, 2, 4, 3, 2]","[3, 1, 3, 4, 3, 2]",c2.csv,4,3,1
14,tweet,c2,2,15,6,"[2, 1, 3, 5, 4, 3]","[2, 1, 3, 5, 1, 3]",c2.csv,1,1,0
14,tweet,c2,2,16,6,"[3, 3, 5, 5, 5, 5]","[1, 2, 1, 3, 3, 5]",c2.csv,2,0,2
14,tweet,c2,2,17,6,"[3, 3, 5, 5, 5, 5]","[3, 3, 5, 5, 3, 5]",c2.csv,1,0,1
14,tweet,c2,2,18,6,"[3.0, 2.0, 3.0, 5.0, 3.0, 5.0]","[1.0, 1.0, 3.0, 3.0, 3.0, 4.0]",c2.csv,2,1,1
14,tweet,c2,2,19,6,"[3, 3, 5, 5, 5, 5]","[1, 1, 3, 5, 2, 5]",c2.csv,1,0,1
14,tweet,c2,2,20,6,"[3, 3, 5, 5, 5, 5]","[3, 2, 5, 4, 5, 2]",c2.csv,1,0,1
14,tweet,c2,2,21,6,"[3, 3, 5, 5, 5, 5]","[1, 3, 3, 2, 5, 5]",c2.csv,2,0,2
26,tweet,c2,2,12,6,"[3, 3, 5, 5, 5, 5]","[1, 3, 5, 5, 5, 5]",c2.csv,1,0,1
26,tweet,c2,2,13,6,"[4, 4, 5, 5, 5, 5]","[1, 1, 2, 5, 5, 2]",c2.csv,2,0,2
26,tweet,c2,2,14,6,"[3, 3, 5, 5, 5, 5]","[3, 3, 2, 5, 5, 5]",c2.csv,0,0,0
26,tweet,c2,2,15,6,"[3, 3, 5, 5, 5, 5]","[3, 3, 5, 5, 5, 5]",c2.csv,0,0,0
26,tweet,c2,2,16,6,"[3, 3, 5, 5, 5, 5]","[3, 2, 5, 5, 5, 5]",c2.csv,1,0,1
26,tweet,c2,2,17,6,"[3, 3, 5, 5, 5, 5]","[3, 3, 5, 5, 5, 5]",c2.csv,0,0,0
26,tweet,c2,2,18,6,"[3.0, 2.0, 5.0, 5.0, 5.0, 5.0]","[3.0, 2.0, 3.0, 5.0, 5.0, 5.0]",c2.csv,1,0,1
26,tweet,c2,2,19,6,"[3, 1, 2, 2, 3, 3]","[2, 1, 3, 2, 3, 3]",c2.csv,1,2,-1
26,tweet,c2,2,20,6,"[3, 3, 5, 5, 5, 5]","[3, 3, 5, 5, 5, 5]",c2.csv,0,0,0
26,tweet,c2,2,21,6,"[3, 3, 5, 5, 5, 5]","[3, 3, 5, 5, 5, 5]",c2.csv,0,0,0
22,tweet,c2,2,12,6,"[3, 3, 5, 5, 5, 5]","[3, 3, 5, 5, 5, 1]",c2.csv,0,0,0
22,tweet,c2,2,13,6,"[4, 4, 2, 5, 5, 5]","[1, 4, 2, 5, 5, 5]",c2.csv,0,0,0
22,tweet,c2,2,14,6,"[3, 3, 5, 5, 5, 5]","[3, 3, 5, 2, 5, 5]",c2.csv,0,0,0
22,tweet,c2,2,15,6,"[3, 3, 5, 5, 5, 5]","[3, 1, 5, 5, 5, 5]",c2.csv,0,0,0
22,tweet,c2,2,16,6,"[3, 3, 5, 5, 5, 5]","[3, 3, 5, 5, 5, 5]",c2.csv,0,0,0
22,tweet,c2,2,17,6,"[3, 3, 5, 2, 5, 5]","[3, 3, 5, 2, 5, 5]",c2.csv,0,0,0
22,tweet,c2,2,18,6,"[3.0, 2.0, 2.0, 5.0, 5.0, 5.0]","[3.0, 2.0, 2.0, 3.0, 5.0, 5.0]",c2.csv,0,0,0
22,tweet,c2,2,19,6,"[2, 1, 3, 2, 2, 4]","[2, 1, 3, 2, 2, 4]",c2.csv,0,0,0
22,tweet,c2,2,20,6,"[3, 3, 5, 5, 5, 5]","[1, 2, 2, 5, 5, 2]",c2.csv,3,0,3
22,tweet,c2,2,21,6,"[3, 3, 5, 1, 5, 2]","[1, 3, 5, 1, 5, 2]",c2.csv,0,0,0
23,tweet,c2,2,12,6,"[3, 3, 5, 5, 5, 5]","[1, 2, 5, 2, 1, 3]",c2.csv,2,0,2
23,tweet,c2,2,13,6,"[4, 1, 2, 5, 4, 5]","[1, 1, 2, 5, 2, 5]",c2.csv,1,1,0
23,tweet,c2,2,14,6,"[3, 1, 5, 5, 5, 2]","[3, 1, 3, 2, 3, 2]",c2.csv,4,2,2
23,tweet,c2,2,15,6,"[3, 1, 5, 5, 5, 3]","[1, 1, 3, 5, 5, 3]",c2.csv,2,1,1
23,tweet,c2,2,16,6,"[3, 3, 5, 2, 5, 5]","[3, 3, 5, 2, 4, 5]",c2.csv,0,0,0
23,tweet,c2,2,17,6,"[3, 3, 5, 5, 5, 3]","[3, 3, 5, 5, 5, 3]",c2.csv,0,0,0
23,tweet,c2,2,18,6,"[1.0, 2.0, 3.0, 5.0, 5.0, 1.0]","[1.0, 2.0, 3.0, 3.0, 5.0, 1.0]",c2.csv,1,1,0
23,tweet,c2,2,19,6,"[3, 1, 3, 1, 5, 3]","[2, 1, 3, 1, 2, 3]",c2.csv,0,0,0
23,tweet,c2,2,20,6,"[3, 2, 5, 5, 5, 2]","[1, 2, 5, 5, 3, 2]",c2.csv,2,1,1
23,tweet,c2,2,21,6,"[3, 3, 3, 5, 5, 5]","[3, 1, 3, 5, 5, 5]",c2.csv,2,1,1
12,tweet,c2,2,12,6,"[3, 3, 5, 5, 5, 5]","[1, 1, 3, 5, 1, 2]",c2.csv,2,0,2
12,tweet,c2,2,13,6,"[4, 4, 2, 5, 2, 5]","[1, 1, 2, 1, 2, 5]",c2.csv,1,0,1
12,tweet,c2,2,14,6,"[2, 1, 4, 2, 5, 2]","[2, 1, 3, 2, 3, 2]",c2.csv,5,3,2
12,tweet,c2,2,15,6,"[2, 1, 3, 5, 5, 3]","[2, 1, 3, 5, 5, 3]",c2.csv,1,1,0
12,tweet,c2,2,16,6,"[3, 3, 5, 2, 5, 5]","[3, 1, 2, 2, 5, 5]",c2.csv,0,0,0
12,tweet,c2,2,17,6,"[3, 3, 5, 5, 5, 5]","[1, 3, 5, 2, 2, 3]",c2.csv,1,0,1
12,tweet,c2,2,18,6,"[1.0, 2.0, 3.0, 2.0, 4.0, 1.0]","[1.0, 2.0, 3.0, 3.0, 3.0, 1.0]",c2.csv,1,2,-1
12,tweet,c2,2,19,6,"[2, 3, 5, 5, 2, 5]","[2, 1, 2, 2, 5, 4]",c2.csv,1,0,1
12,tweet,c2,2,20,6,"[3, 2, 5, 4, 3, 2]","[1, 2, 5, 4, 3, 2]",c2.csv,2,1,1
12,tweet,c2,2,21,6,"[1, 1, 5, 2, 5, 5]","[1, 1, 5, 2, 5, 5]",c2.csv,2,2,0
28,tweet,c2,2,12,6,"[3, 1, 5, 5, 5, 5]","[3, 1, 3, 5, 5, 5]",c2.csv,0,0,0
28,tweet,c2,2,13,6,"[4, 4, 5, 5, 5, 5]","[4, 1, 3, 5, 4, 2]",c2.csv,3,0,3
28,tweet,c2,2,14,6,"[3, 1, 1, 5, 5, 2]","[3, 1, 3, 2, 3, 2]",c2.csv,4,2,2
28,tweet,c2,2,15,6,"[2, 3, 5, 5, 5, 5]","[2, 1, 5, 5, 5, 3]",c2.csv,1,0,1
28,tweet,c2,2,16,6,"[3, 1, 5, 5, 5, 5]","[3, 1, 5, 5, 2, 5]",c2.csv,1,0,1
28,tweet,c2,2,17,6,"[3, 3, 5, 5, 5, 5]","[1, 2, 5, 5, 5, 5]",c2.csv,1,0,1
28,tweet,c2,2,18,6,"[3.0, 2.0, nan, 5.0, 5.0, 5.0]","[1.0, 2.0, 3.0, 3.0, 4.0, 1.0]",c2.csv,1,0,1
28,tweet,c2,2,19,6,"[3, 3, 5, 5, 5, 5]","[2, 2, 3, 5, 2, 3]",c2.csv,1,0,1
28,tweet,c2,2,20,6,"[3, 3, 5, 5, 5, 5]","[1, 2, 5, 1, 3, 2]",c2.csv,2,0,2
28,tweet,c2,2,21,6,"[3, 3, 5, 5, 5, 5]","[1, 3, 5, 5, 2, 2]",c2.csv,0,0,0
19,tweet,c2,2,12,6,"[3, 3, 5, 2, 5, 5]","[3, 3, 5, 2, 5, 5]",c2.csv,0,0,0
19,tweet,c2,2,13,6,"[4, 4, 2, 5, 5, 5]","[1, 4, 2, 5, 5, 5]",c2.csv,0,0,0
19,tweet,c2,2,14,6,"[3, 1, 5, 1, 5, 5]","[3, 1, 3, 2, 3, 5]",c2.csv,3,1,2
19,tweet,c2,2,15,6,"[2, 1, 5, 5, 5, 5]","[2, 1, 1, 5, 5, 5]",c2.csv,0,0,0
19,tweet,c2,2,16,6,"[3, 3, 5, 5, 5, 5]","[3, 3, 5, 5, 5, 5]",c2.csv,0,0,0
19,tweet,c2,2,17,6,"[3, 3, 5, 5, 5, 5]","[3, 3, 5, 5, 2, 5]",c2.csv,0,0,0
19,tweet,c2,2,18,6,"[3.0, 2.0, 5.0, 5.0, 5.0, 5.0]","[3.0, 2.0, 5.0, 5.0, 5.0, 5.0]",c2.csv,0,0,0
19,tweet,c2,2,19,6,"[3, 3, 5, 5, 5, 5]","[3, 1, 3, 5, 2, 5]",c2.csv,0,0,0
19,tweet,c2,2,20,6,"[3, 3, 5, 5, 3, 2]","[2, 2, 5, 5, 3, 2]",c2.csv,1,1,0
19,tweet,c2,2,21,6,"[3, 3, 5, 5, 2, 5]","[1, 3, 5, 5, 5, 5]",c2.csv,0,0,0
10,tweet,c2,2,12,6,"[3, 3, 5, 5, 5, 5]","[3, 3, 5, 5, 5, 5]",c2.csv,0,0,0
10,tweet,c2,2,13,6,"[1, 4, 5, 5, 5, 5]","[1, 4, 2, 5, 5, 5]",c2.csv,0,0,0
10,tweet,c2,2,14,6,"[2, 1, 5, 5, 5, 2]","[2, 1, 3, 2, 3, 2]",c2.csv,5,3,2
10,tweet,c2,2,15,6,"[3, 3, 5, 5, 5, 5]","[2, 1, 1, 5, 5, 5]",c2.csv,0,0,0
10,tweet,c2,2,16,6,"[3, 3, 5, 5, 5, 5]","[3, 2, 5, 5, 5, 5]",c2.csv,1,0,1
10,tweet,c2,2,17,6,"[3, 3, 5, 5, 2, 3]","[2, 2, 5, 5, 2, 3]",c2.csv,0,0,0
10,tweet,c2,2,18,6,"[1.0, 2.0, 3.0, 5.0, 5.0, 5.0]","[1.0, 2.0, 3.0, 3.0, 3.0, 2.0]",c2.csv,1,1,0
10,tweet,c2,2,19,6,"[1, 1, 3, 2, 2, 5]","[2, 1, 3, 2, 2, 3]",c2.csv,0,1,-1
10,tweet,c2,2,20,6,"[3, 3, 5, 5, 5, 5]","[3, 2, 2, 5, 3, 2]",c2.csv,2,0,2
10,tweet,c2,2,21,6,"[3, 3, 5, 5, 5, 2]","[1, 3, 5, 2, 5, 2]",c2.csv,1,0,1
16,tweet,c2,2,12,6,"[3, 3, 5, 5, 5, 5]","[3, 3, 5, 5, 5, 5]",c2.csv,0,0,0
16,tweet,c2,2,13,6,"[4, 4, 2, 5, 5, 5]","[4, 4, 2, 5, 5, 5]",c2.csv,0,0,0
16,tweet,c2,2,14,6,"[3, 1, 5, 5, 5, 2]","[2, 1, 5, 2, 3, 2]",c2.csv,4,2,2
16,tweet,c2,2,15,6,"[3, 3, 5, 5, 5, 5]","[2, 1, 5, 5, 5, 5]",c2.csv,0,0,0
16,tweet,c2,2,16,6,"[3, 3, 5, 5, 5, 5]","[3, 2, 5, 5, 5, 5]",c2.csv,1,0,1
16,tweet,c2,2,17,6,"[3, 3, 5, 5, 5, 5]","[3, 3, 5, 5, 5, 5]",c2.csv,0,0,0
16,tweet,c2,2,18,6,"[3.0, 2.0, 3.0, 5.0, 3.0, 5.0]","[3.0, 2.0, 3.0, 3.0, 3.0, 2.0]",c2.csv,1,1,0
16,tweet,c2,2,19,6,"[2, 1, 3, 2, 2, 5]","[2, 1, 3, 2, 2, 5]",c2.csv,0,0,0
16,tweet,c2,2,20,6,"[3, 3, 5, 5, 5, 5]","[3, 2, 5, 5, 3, 2]",c2.csv,1,0,1
16,tweet,c2,2,21,6,"[3, 3, 5, 5, 5, 5]","[1, 1, 3, 2, 5, 5]",c2.csv,3,0,3
3,tweet,c3,3,22,6,"[2, 1, 1, 2, 3, 1]","[2, 1, 1, 2, 3, 1]",c3.csv,2,2,0
3,tweet,c3,3,23,6,"[1, 1, 1, 2, 2, 2]","[1, 1, 2, 2, 2, 2]",c3.csv,3,3,0
3,tweet,c3,3,24,6,"[1, 2, 3, 3, 3, 3]","[1, 1, 3, 2, 2, 3]",c3.csv,4,3,1
3,tweet,c3,3,25,6,"[1, 1, 1, 2, 2, 3]","[1, 1, 1, 2, 3, 3]",c3.csv,5,4,1
3,tweet,c3,3,26,6,"[1, 1, 4, 2, 3, 2]","[1, 1, 3, 3, 3, 3]",c3.csv,3,1,2
3,tweet,c3,3,27,6,"[1, 1, 2, 3, 2, 4]","[1, 1, 2, 3, 2, 2]",c3.csv,4,3,1
3,tweet,c3,3,28,6,"[1, 1, 2, 2, 4, 2]","[1, 1, 1, 2, 2, 4]",c3.csv,2,3,-1
3,tweet,c3,3,29,6,"[1, 1, 3, 1, 2, 2]","[1, 1, 3, 1, 2, 2]",c3.csv,1,1,0
3,tweet,c3,3,30,6,"[2, 1, 4, 3, 1, 3]","[2, 1, 4, 3, 1, 3]",c3.csv,3,3,0
3,tweet,c3,3,31,6,"[1, 1, 3, 1, 4, 2]","[1, 1, 3, 3, 3, 1]",c3.csv,0,0,0
1,tweet,c3,3,22,6,"[1, 3, 4, 2, 3, 2]","[1, 1, 4, 2, 3, 2]",c3.csv,4,3,1
1,tweet,c3,3,23,6,"[4, 2, 1, 4, 5, 5]","[1, 2, 4, 4, 3, 1]",c3.csv,2,0,2
1,tweet,c3,3,24,6,"[3, 1, 3, 1, 4, 5]","[1, 2, 3, 3, 3, 2]",c3.csv,2,1,1
1,tweet,c3,3,25,6,"[3, 3, 5, 5, 5, 5]","[3, 3, 5, 5, 5, 5]",c3.csv,0,0,0
1,tweet,c3,3,26,6,"[3, 1, 4, 3, 1, 1]","[1, 1, 3, 2, 3, 1]",c3.csv,1,2,-1
1,tweet,c3,3,27,6,"[3, 1, 3, 5, 5, 5]","[1, 1, 3, 2, 1, 1]",c3.csv,2,2,0
1,tweet,c3,3,28,6,"[3, 4, 2, 4, 1, 4]","[1, 1, 2, 2, 4, 4]",c3.csv,2,0,2
1,tweet,c3,3,29,6,"[1, 3, 2, 4, 2, 1]","[1, 1, 2, 1, 3, 1]",c3.csv,2,1,1
1,tweet,c3,3,30,6,"[3, 1, 4, 4, 5, 4]","[1, 1, 4, 4, 1, 1]",c3.csv,2,1,1
1,tweet,c3,3,31,6,"[1, 1, 1, 2, 4, 4]","[1, 1, 1, 2, 3, 3]",c3.csv,0,0,0
2,tweet,c3,3,22,6,"[1, 1, 1, 2, 5, 1]","[2, 1, 4, 2, 1, 1]",c3.csv,2,3,-1
2,tweet,c3,3,23,6,"[1, 1, 1, 2, 2, 5]","[1, 1, 2, 2, 2, 2]",c3.csv,3,3,0
2,tweet,c3,3,24,6,"[1, 2, 3, 2, 3, 1]","[1, 2, 3, 2, 3, 3]",c3.csv,4,3,1
2,tweet,c3,3,25,6,"[2, 1, 2, 4, 2, 3]","[1, 1, 1, 4, 3, 3]",c3.csv,4,2,2
2,tweet,c3,3,26,6,"[1, 1, 3, 2, 2, 2]","[1, 1, 3, 2, 2, 1]",c3.csv,2,2,0
2,tweet,c3,3,27,6,"[1, 1, 2, 4, 2, 1]","[1, 1, 4, 2, 2, 2]",c3.csv,3,2,1
2,tweet,c3,3,28,6,"[1, 1, 1, 2, 4, 5]","[1, 1, 2, 2, 4, 2]",c3.csv,3,2,1
2,tweet,c3,3,29,6,"[1, 3, 3, 1, 2, 2]","[1, 1, 3, 2, 2, 2]",c3.csv,1,0,1
2,tweet,c3,3,30,6,"[2, 1, 2, 4, 1, 3]","[2, 1, 3, 3, 1, 3]",c3.csv,3,3,0
2,tweet,c3,3,31,6,"[1, 1, 3, 3, 4, 1]","[1, 1, 3, 3, 3, 2]",c3.csv,0,0,0
4,tweet,c3,3,22,6,"[3, 1, 5, 5, 3, 5]","[3, 1, 5, 5, 3, 5]",c3.csv,1,1,0
4,tweet,c3,3,23,6,"[4, 1, 5, 2, 5, 5]","[4, 1, 5, 2, 5, 5]",c3.csv,2,2,0
4,tweet,c3,3,24,6,"[1, 3, 5, 5, 5, 5]","[1, 1, 5, 2, 5, 5]",c3.csv,3,1,2
4,tweet,c3,3,25,6,"[3, 3, 5, 5, 5, 5]","[1, 3, 5, 5, 3, 5]",c3.csv,2,0,2
4,tweet,c3,3,26,6,"[3, 3, 5, 5, 5, 5]","[3, 1, 3, 5, 5, 5]",c3.csv,1,0,1
4,tweet,c3,3,27,6,"[3, 3, 2, 5, 5, 5]","[3, 3, 2, 3, 5, 5]",c3.csv,1,0,1
4,tweet,c3,3,28,6,"[3, 2, 5, 5, 5, 5]","[3, 2, 5, 5, 5, 4]",c3.csv,0,0,0
4,tweet,c3,3,29,6,"[3, 3, 5, 5, 5, 5]","[1, 3, 5, 5, 5, 5]",c3.csv,0,0,0
4,tweet,c3,3,30,6,"[3, 1, 5, 3, 1, 3]","[2, 1, 5, 3, 1, 3]",c3.csv,3,3,0
4,tweet,c3,3,31,6,"[3, 3, 5, 5, 5, 5]","[3, 3, 5, 5, 5, 5]",c3.csv,0,0,0
11,tweet,c3,3,22,6,"[3, 3, 5, 2, 5, 5]","[3, 3, 5, 2, 3, 5]",c3.csv,1,1,0
11,tweet,c3,3,23,6,"[4, 4, 5, 5, 5, 5]","[1, 1, 2, 2, 2, 2]",c3.csv,3,0,3
11,tweet,c3,3,24,6,"[3, 3, 5, 5, 5, 5]","[1, 1, 3, 2, 3, 3]",c3.csv,5,0,5
11,tweet,c3,3,25,6,"[3, 3, 5, 5, 5, 5]","[1, 1, 1, 5, 3, 2]",c3.csv,3,0,3
11,tweet,c3,3,26,6,"[3, 3, 5, 5, 5, 5]","[1, 1, 3, 2, 2, 3]",c3.csv,3,0,3
11,tweet,c3,3,27,6,"[3, 3, 5, 3, 5, 5]","[1, 1, 2, 3, 1, 3]",c3.csv,2,1,1
11,tweet,c3,3,28,6,"[3, 2, 5, 5, 5, 5]","[1, 1, 3, 2, 2, 2]",c3.csv,4,0,4
11,tweet,c3,3,29,6,"[3, 3, 5, 5, 5, 5]","[1, 2, 5, 1, 2, 3]",c3.csv,1,0,1
11,tweet,c3,3,30,6,"[2, 1, 5, 3, 5, 5]","[2, 1, 3, 3, 1, 3]",c3.csv,3,2,1
11,tweet,c3,3,31,6,"[1, 1, 5, 5, 5, 5]","[1, 1, 3, 1, 3, 2]",c3.csv,0,0,0
7,tweet,c3,3,22,6,"[3, 3, 5, 5, 5, 5]","[3, 3, 5, 5, 5, 5]",c3.csv,0,0,0
7,tweet,c3,3,23,6,"[4, 4, 5, 5, 5, 5]","[4, 4, 5, 2, 5, 5]",c3.csv,1,0,1
7,tweet,c3,3,24,6,"[1, 2, 5, 5, 5, 3]","[1, 2, 5, 5, 5, 3]",c3.csv,2,2,0
7,tweet,c3,3,25,6,"[3, 3, 5, 5, 5, 5]","[1, 3, 5, 5, 5, 5]",c3.csv,1,0,1
7,tweet,c3,3,26,6,"[3, 3, 5, 5, 5, 5]","[3, 3, 5, 5, 5, 5]",c3.csv,0,0,0
7,tweet,c3,3,27,6,"[3, 3, 5, 5, 5, 5]","[3, 3, 5, 5, 5, 5]",c3.csv,0,0,0
7,tweet,c3,3,28,6,"[3, 2, 5, 5, 5, 5]","[3, 2, 5, 5, 5, 2]",c3.csv,1,0,1
7,tweet,c3,3,29,6,"[3, 3, 5, 5, 5, 5]","[2, 3, 5, 5, 5, 5]",c3.csv,1,0,1
7,tweet,c3,3,30,6,"[3, 3, 5, 5, 5, 5]","[3, 3, 5, 5, 5, 5]",c3.csv,0,0,0
7,tweet,c3,3,31,6,"[3, 3, 5, 5, 5, 5]","[3, 3, 5, 5, 5, 5]",c3.csv,0,0,0
5,tweet,c3,3,22,6,"[3, 3, 5, 5, 5, 5]","[3, 3, 5, 5, 5, 5]",c3.csv,0,0,0
5,tweet,c3,3,23,6,"[4, 4, 5, 5, 5, 5]","[4, 4, 5, 5, 5, 5]",c3.csv,0,0,0
5,tweet,c3,3,24,6,"[3, 3, 5, 5, 5, 5]","[1, 3, 5, 5, 5, 5]",c3.csv,1,0,1
5,tweet,c3,3,25,6,"[3, 3, 5, 5, 5, 5]","[3, 3, 5, 5, 3, 5]",c3.csv,1,0,1
5,tweet,c3,3,26,6,"[3, 3, 5, 5, 5, 5]","[3, 1, 5, 2, 5, 5]",c3.csv,1,0,1
5,tweet,c3,3,27,6,"[3, 3, 5, 5, 5, 5]","[3, 3, 5, 3, 5, 5]",c3.csv,1,0,1
5,tweet,c3,3,28,6,"[3, 2, 5, 5, 5, 5]","[3, 2, 5, 5, 5, 5]",c3.csv,0,0,0
5,tweet,c3,3,29,6,"[3, 3, 5, 5, 5, 5]","[1, 3, 5, 5, 5, 5]",c3.csv,0,0,0
5,tweet,c3,3,30,6,"[3, 1, 5, 5, 1, 5]","[3, 1, 5, 5, 5, 5]",c3.csv,1,1,0
5,tweet,c3,3,31,6,"[3, 3, 5, 5, 5, 5]","[3, 1, 5, 5, 5, 5]",c3.csv,0,0,0
30,tweet,c3,3,22,6,"[3, 3, 5, 5, 5, 5]","[3, 3, 5, 5, 5, 5]",c3.csv,0,0,0
30,tweet,c3,3,23,6,"[4, 1, 5, 2, 5, 5]","[4, 1, 5, 2, 5, 5]",c3.csv,2,2,0
30,tweet,c3,3,24,6,"[1, 3, 5, 5, 5, 3]","[1, 1, 3, 2, 3, 3]",c3.csv,5,2,3
30,tweet,c3,3,25,6,"[3, 3, 5, 3, 5, 5]","[1, 3, 5, 5, 3, 5]",c3.csv,2,0,2
30,tweet,c3,3,26,6,"[1, 1, 3, 5, 5, 5]","[1, 1, 3, 5, 5, 5]",c3.csv,1,1,0
30,tweet,c3,3,27,6,"[3, 3, 5, 5, 5, 5]","[3, 3, 5, 3, 5, 5]",c3.csv,1,0,1
30,tweet,c3,3,28,6,"[3, 2, 5, 5, 5, 5]","[3, 1, 3, 5, 5, 2]",c3.csv,3,0,3
30,tweet,c3,3,29,6,"[1, 3, 3, 5, 5, 5]","[1, 3, 3, 5, 5, 5]",c3.csv,0,0,0
30,tweet,c3,3,30,6,"[3, 1, 5, 3, 1, 3]","[2, 1, 5, 3, 1, 3]",c3.csv,3,3,0
30,tweet,c3,3,31,6,"[1, 1, 3, 3, 5, 2]","[1, 1, 3, 3, 5, 2]",c3.csv,0,0,0
25,tweet,c3,3,22,6,"[1, 1, 4, 5, 3, 2]","[1, 1, 3, 2, 3, 2]",c3.csv,4,3,1
25,tweet,c3,3,23,6,"[1, 1, 1, 4, 2, 5]","[1, 1, 1, 2, 2, 4]",c3.csv,3,2,1
25,tweet,c3,3,24,6,"[1, 1, 3, 2, 3, 3]","[1, 1, 3, 2, 3, 3]",c3.csv,5,5,0
25,tweet,c3,3,25,6,"[1, 1, 1, 3, 4, 2]","[1, 1, 1, 2, 3, 1]",c3.csv,4,2,2
25,tweet,c3,3,26,6,"[1, 1, 3, 2, 2, 3]","[1, 1, 3, 3, 2, 2]",c3.csv,3,3,0
25,tweet,c3,3,27,6,"[1, 1, 2, 3, 1, 3]","[1, 1, 2, 3, 3, 2]",c3.csv,3,2,1
25,tweet,c3,3,28,6,"[3, 1, 4, 2, 2, 5]","[3, 1, 3, 2, 5, 2]",c3.csv,3,1,2
25,tweet,c3,3,29,6,"[1, 2, 3, 1, 3, 2]","[1, 2, 5, 1, 3, 5]",c3.csv,0,0,0
25,tweet,c3,3,30,6,"[2, 1, 3, 3, 1, 3]","[2, 1, 3, 3, 1, 3]",c3.csv,3,3,0
25,tweet,c3,3,31,6,"[1, 1, 3, 3, 4, 2]","[1, 1, 3, 3, 4, 2]",c3.csv,0,0,0
13,tweet,c3,3,22,6,"[3, 3, 5, 5, 5, 5]","[2, 1, 3, 5, 4, 5]",c3.csv,1,0,1
13,tweet,c3,3,23,6,"[1, 1, 5, 2, 5, 5]","[2, 1, 5, 2, 5, 5]",c3.csv,2,3,-1
13,tweet,c3,3,24,6,"[3, 3, 5, 5, 5, 5]","[1, 2, 3, 2, 5, 3]",c3.csv,3,0,3
13,tweet,c3,3,25,6,"[3, 3, 5, 5, 5, 5]","[1, 2, 1, 3, 5, 5]",c3.csv,1,0,1
13,tweet,c3,3,26,6,"[3, 3, 5, 5, 5, 5]","[2, 1, 3, 2, 5, 5]",c3.csv,2,0,2
13,tweet,c3,3,27,6,"[3, 3, 5, 5, 5, 5]","[1, 1, 5, 5, 5, 5]",c3.csv,1,0,1
13,tweet,c3,3,28,6,"[3, 2, 5, 5, 5, 5]","[1, 2, 5, 1, 5, 5]",c3.csv,2,0,2
13,tweet,c3,3,29,6,"[3, 3, 5, 5, 5, 5]","[1, 1, 5, 1, 5, 5]",c3.csv,1,0,1
13,tweet,c3,3,30,6,"[2, 1, 5, 2, 1, 5]","[2, 1, 5, 2, 1, 1]",c3.csv,1,1,0
13,tweet,c3,3,31,6,"[3, 3, 5, 5, 5, 5]","[1, 1, 3, 3, 5, 1]",c3.csv,0,0,0
